word,pos_primary,has_hanja,is_bound_morpheme,syllable_count,level
가게,명사,False,False,2,초급
가격,명사,True,False,2,중급
가구,명사,True,False,2,고급
가구,명사,True,False,2,중급
가까워지다,동사,False,False,5,중급
가까이,명사,False,False,3,중급
가깝다,형용사,False,False,3,초급
가꾸다,동사,False,False,3,중급
가끔,부사,False,False,2,초급
가난,명사,False,False,2,고급
가난하다,형용사,False,False,4,중급
가늘다,형용사,False,False,3,중급
가능,명사,True,False,2,고급
가능성,명사,True,False,3,중급
가능하다,형용사,True,False,4,중급
가능해지다,동사,True,False,5,고급
가다,동사,False,False,2,초급
가득,부사,False,False,2,중급
가득하다,형용사,False,False,4,중급
가득히,부사,False,False,3,고급
가라앉다,동사,False,False,4,고급
가려지다,동사,False,False,4,고급
가령,부사,True,False,2,고급
가로,명사,False,False,2,중급
가로등,명사,True,False,3,고급
가로막다,동사,False,False,4,고급
가로수,명사,True,False,3,고급
가루,명사,False,False,2,중급
가르다,동사,False,False,3,고급
가르치다,동사,False,False,4,초급
가르침,명사,False,False,3,고급
가리다,동사,False,False,3,중급
가리키다,동사,False,False,4,중급
가만,부사,False,False,2,고급
가만있다,동사,False,False,4,고급
가만히,부사,False,False,3,중급
가뭄,명사,False,False,2,고급
가방,명사,False,False,2,초급
가볍다,형용사,False,False,3,초급
가사,명사,True,False,2,고급
가상,명사,True,False,2,고급
가수,명사,True,False,2,초급
가스,명사,False,False,2,중급
가슴,명사,False,False,2,초급
가슴속,명사,False,False,3,중급
가요,명사,True,False,2,중급
가운데,명사,False,False,3,초급
가위,명사,False,False,2,중급
가을,명사,False,False,2,초급
가이드,명사,False,False,3,중급
가입,명사,True,False,2,고급
가입자,명사,True,False,3,고급
가입하다,동사,True,False,4,고급
가장,부사,False,False,2,초급
가장,명사,True,False,2,고급
가정,명사,True,False,2,중급
가정,명사,True,False,2,고급
가정교사,명사,True,False,4,고급
가져가다,동사,False,False,4,중급
가져다주다,동사,False,False,5,중급
가져오다,동사,False,False,4,초급
가족,명사,True,False,2,초급
가죽,명사,False,False,2,중급
가지,명사,False,False,2,중급
가지다,동사,False,False,3,초급
가짜,명사,True,False,2,중급
가치,명사,True,False,2,고급
가치관,명사,True,False,3,고급
가톨릭,명사,False,False,3,고급
가하다,동사,True,False,3,고급
각,관형사,True,False,1,중급
각각,명사,True,False,2,중급
각국,명사,True,False,2,중급
각기,부사,True,False,2,고급
각오,명사,True,False,2,고급
각자,명사,True,False,2,중급
각종,명사,True,False,2,중급
간,명사,False,False,1,고급
간,의존명사,True,False,1,중급
간격,명사,True,False,2,고급
간단하다,형용사,True,False,4,중급
간단히,부사,True,False,3,중급
간부,명사,True,False,2,고급
간섭,명사,True,False,2,고급
간식,명사,True,False,2,중급
간신히,부사,True,False,3,고급
간장,명사,True,False,2,중급
간접,명사,True,False,2,고급
간접적,명사,True,False,3,고급
간판,명사,True,False,2,고급
간편하다,형용사,True,False,4,고급
간호,명사,True,False,2,고급
간호사,명사,True,False,3,초급
간혹,부사,True,False,2,고급
갇히다,동사,False,False,3,고급
갈다,동사,False,False,2,중급
갈등,명사,True,False,2,고급
갈비,명사,False,False,2,초급
갈비탕,명사,True,False,3,중급
갈색,명사,True,False,2,중급
갈수록,부사,False,False,3,고급
갈아입다,동사,False,False,4,중급
갈아타다,동사,False,False,4,중급
갈증,명사,True,False,2,고급
감,명사,False,False,1,중급
감,명사,True,False,1,고급
감각,명사,True,False,2,고급
감기,명사,True,False,2,초급
감다,동사,False,False,2,중급
감다,동사,False,False,2,고급
감독,명사,True,False,2,고급
감동,명사,True,False,2,중급
감동적,명사,True,False,3,고급
감사,명사,True,False,2,초급
감사하다,동사,True,False,4,초급
감상,명사,True,False,2,중급
감상하다,동사,True,False,4,중급
감소,명사,True,False,2,고급
감소되다,동사,True,False,4,고급
감소하다,동사,True,False,4,고급
감수성,명사,True,False,3,고급
감싸다,동사,False,False,3,고급
감옥,명사,True,False,2,고급
감자,명사,False,False,2,중급
감정,명사,True,False,2,중급
감정적,명사,True,False,3,고급
감추다,동사,False,False,3,고급
감히,부사,True,False,2,고급
갑,명사,True,False,1,고급
갑자기,부사,False,False,3,초급
갑작스럽다,형용사,False,False,5,고급
값,명사,False,False,1,초급
값싸다,형용사,False,False,3,고급
강,명사,True,False,1,초급
강남,명사,True,False,2,고급
강당,명사,True,False,2,중급
강도,명사,True,False,2,고급
강도,명사,True,False,2,중급
강력하다,형용사,True,False,4,고급
강력히,부사,True,False,3,고급
강렬하다,형용사,True,False,4,고급
강물,명사,True,False,2,중급
강변,명사,True,False,2,고급
강북,명사,True,False,2,고급
강사,명사,True,False,2,고급
강수량,명사,True,False,3,고급
강아지,명사,False,False,3,중급
강요하다,동사,True,False,4,고급
강원도,고유 명사,True,False,3,중급
강의,명사,True,False,2,고급
강의하다,동사,True,False,4,고급
강제,명사,True,False,2,중급
강조,명사,True,False,2,고급
강조하다,동사,True,False,4,중급
강하다,형용사,True,False,3,중급
강화하다,동사,True,False,4,고급
갖가지,명사,False,False,3,고급
갖다,동사,False,False,2,중급
갖추다,동사,False,False,3,고급
같다,형용사,False,False,2,초급
같이,부사,False,False,2,초급
같이하다,동사,False,False,4,고급
갚다,동사,False,False,2,고급
개,명사,False,False,1,초급
개개인,명사,True,False,3,고급
개구리,명사,False,False,3,중급
개국,의존명사,True,False,2,고급
개나리,명사,False,False,3,중급
개다,동사,False,False,2,고급
개미,명사,False,False,2,고급
개발되다,동사,True,False,4,고급
개발하다,동사,True,False,4,중급
개방,명사,True,False,2,고급
개방되다,동사,True,False,4,고급
개방하다,동사,True,False,4,고급
개별,명사,True,False,2,고급
개선,명사,True,False,2,고급
개선되다,동사,True,False,4,고급
개선하다,동사,True,False,4,고급
개성,명사,True,False,2,고급
개월,의존명사,True,False,2,초급
개인,명사,True,False,2,중급
개인적,명사,True,False,3,중급
객관적,명사,True,False,3,고급
걔,줄어든 말,False,False,1,중급
거,대명사,False,False,1,초급
거기,대명사,False,False,2,초급
거꾸로,부사,False,False,3,고급
거대하다,형용사,True,False,4,고급
거두다,동사,False,False,3,고급
거들다,동사,False,False,3,고급
거듭,부사,False,False,2,고급
거리,명사,False,False,2,초급
거리,의존명사,False,False,2,중급
거리,명사,True,False,2,고급
거부하다,동사,True,False,4,고급
거실,명사,True,False,2,중급
거액,명사,True,False,2,고급
거울,명사,False,False,2,초급
거의,부사,False,False,2,중급
거절하다,동사,True,False,4,고급
거짓,명사,False,False,2,중급
거짓말,명사,False,False,3,중급
거치다,동사,False,False,3,고급
거칠다,형용사,False,False,3,고급
거품,명사,False,False,2,고급
걱정,명사,False,False,2,초급
걱정되다,동사,False,False,4,중급
걱정스럽다,형용사,False,False,5,중급
걱정하다,동사,False,False,4,초급
건,의존명사,True,False,1,고급
건강,명사,True,False,2,초급
건강하다,형용사,True,False,4,초급
건너,명사,False,False,2,고급
건너가다,동사,False,False,4,중급
건너다,동사,False,False,3,중급
건너오다,동사,False,False,4,중급
건너편,명사,True,False,3,중급
건넌방,명사,True,False,3,고급
건네다,동사,False,False,3,고급
건네주다,동사,False,False,4,고급
건드리다,동사,False,False,4,고급
건물,명사,True,False,2,초급
건설,명사,True,False,2,고급
건설되다,동사,True,False,4,고급
건설하다,동사,True,False,4,고급
건전하다,형용사,True,False,4,고급
건조,명사,True,False,2,고급
건조하다,형용사,True,False,4,고급
건지다,동사,False,False,3,중급
건축,명사,True,False,2,중급
걷기,명사,False,False,2,고급
걷다,동사,False,False,2,초급
걷다,동사,False,False,2,고급
걸다,동사,False,False,2,초급
걸리다,동사,False,False,3,중급
걸어가다,동사,False,False,4,초급
걸어오다,동사,False,False,4,초급
걸음,명사,False,False,2,중급
걸치다,동사,False,False,3,고급
검다,형용사,False,False,2,중급
검사,명사,True,False,2,고급
검사,명사,True,False,2,중급
검은색,명사,True,False,3,초급
검정색,명사,True,False,3,중급
검토,명사,True,False,2,고급
겁,명사,True,False,1,중급
겁나다,동사,True,False,3,고급
것,의존명사,False,False,1,초급
겉,명사,False,False,1,중급
게,명사,False,False,1,고급
게다가,부사,False,False,3,중급
게시판,명사,True,False,3,고급
게으르다,형용사,False,False,4,고급
게임,명사,False,False,2,초급
겨우,부사,False,False,2,중급
겨울,명사,False,False,2,초급
겨울철,명사,False,False,3,중급
겨자,명사,False,False,2,고급
겪다,동사,False,False,2,고급
견디다,동사,False,False,3,중급
견해,명사,True,False,2,고급
결과,명사,True,False,2,중급
결과적,명사,True,False,3,고급
결국,명사,True,False,2,중급
결론,명사,True,False,2,고급
결석,명사,True,False,2,고급
결석하다,동사,True,False,4,고급
결승,명사,True,False,2,고급
결심,명사,True,False,2,고급
결심하다,동사,True,False,4,중급
결정,명사,True,False,2,중급
결정되다,동사,True,False,4,중급
결정하다,동사,True,False,4,중급
결코,부사,True,False,2,고급
결혼,명사,True,False,2,초급
결혼식,명사,True,False,3,초급
결혼하다,동사,True,False,4,초급
경계,명사,True,False,2,고급
경고,명사,True,False,2,고급
경고하다,동사,True,False,4,고급
경기,명사,True,False,2,고급
경기,명사,True,False,2,중급
경기도,고유 명사,True,False,3,중급
경기장,명사,True,False,3,중급
경력,명사,True,False,2,고급
경복궁,고유 명사,True,False,3,초급
경비,명사,True,False,2,고급
경상도,고유 명사,True,False,3,중급
경영,명사,True,False,2,중급
경영하다,동사,True,False,4,고급
경우,명사,True,False,2,중급
경쟁,명사,True,False,2,고급
경쟁력,명사,True,False,3,고급
경제,명사,True,False,2,중급
경제력,명사,True,False,3,고급
경제적,명사,True,False,3,중급
경제학,명사,True,False,3,고급
경주,고유 명사,True,False,2,초급
경찰,명사,True,False,2,초급
경찰관,명사,True,False,3,초급
경찰서,명사,True,False,3,초급
경치,명사,True,False,2,초급
경향,명사,True,False,2,고급
경험,명사,True,False,2,중급
경험하다,동사,True,False,4,중급
곁,명사,False,False,1,중급
계곡,명사,True,False,2,고급
계단,명사,True,False,2,중급
계란,명사,True,False,2,초급
계산,명사,True,False,2,중급
계산기,명사,True,False,3,중급
계산하다,동사,True,False,4,중급
계속,부사,True,False,2,초급
계속되다,동사,True,False,4,중급
계속하다,동사,True,False,4,중급
계시다,동사,False,False,3,초급
계약,명사,True,False,2,중급
계절,명사,True,False,2,초급
계좌,명사,True,False,2,고급
계층,명사,True,False,2,고급
계획,명사,True,False,2,초급
계획하다,동사,True,False,4,중급
고개,명사,False,False,2,중급
고개,명사,False,False,2,고급
고객,명사,True,False,2,중급
고교,명사,True,False,2,중급
고구려,고유 명사,True,False,3,고급
고구마,명사,False,False,3,중급
고궁,명사,True,False,2,고급
고급,명사,True,False,2,중급
고급스럽다,형용사,True,False,5,고급
고기,명사,False,False,2,초급
고등학교,명사,True,False,4,초급
고등학생,명사,True,False,4,초급
고려,고유 명사,True,False,2,고급
고려하다,동사,True,False,4,중급
고르다,동사,False,False,3,중급
고맙다,형용사,False,False,3,초급
고모,명사,True,False,2,중급
고모부,명사,True,False,3,중급
고무신,명사,False,False,3,고급
고민,명사,True,False,2,중급
고민하다,동사,True,False,4,중급
고생,명사,True,False,2,중급
고생하다,동사,True,False,4,중급
고소하다,형용사,False,False,4,고급
고속,명사,True,False,2,중급
고속도로,명사,True,False,4,중급
고속버스,명사,True,False,4,중급
고양이,명사,False,False,3,초급
고요하다,형용사,False,False,4,고급
고작,부사,False,False,2,고급
고장,명사,False,False,2,중급
고전,명사,True,False,2,고급
고집,명사,True,False,2,고급
고집하다,동사,True,False,4,고급
고추,명사,False,False,2,중급
고추장,명사,True,False,3,중급
고춧가루,명사,False,False,4,중급
고치다,동사,False,False,3,중급
고통,명사,True,False,2,중급
고통스럽다,형용사,True,False,5,고급
고프다,형용사,False,False,3,초급
고함,명사,True,False,2,고급
고향,명사,True,False,2,초급
곡,명사,True,False,1,고급
곡식,명사,True,False,2,고급
곤란하다,형용사,True,False,4,고급
곧,부사,False,False,1,초급
곧다,형용사,False,False,2,고급
곧바로,부사,False,False,3,중급
곧이어,부사,False,False,3,고급
곧잘,부사,False,False,2,고급
곧장,부사,False,False,2,고급
골,명사,False,False,1,고급
골고루,부사,False,False,3,고급
골목,명사,False,False,2,중급
골목길,명사,False,False,3,중급
골짜기,명사,False,False,3,고급
골치,명사,False,False,2,고급
골프,명사,False,False,2,중급
골프장,명사,True,False,3,중급
곰,명사,False,False,1,중급
곱다,형용사,False,False,2,중급
곳,명사,False,False,1,초급
곳곳,명사,False,False,2,중급
공,명사,False,False,1,초급
공간,명사,True,False,2,중급
공개,명사,True,False,2,고급
공개하다,동사,True,False,4,고급
공격,명사,True,False,2,고급
공격하다,동사,True,False,4,고급
공공,명사,True,False,2,고급
공군,명사,True,False,2,고급
공급,명사,True,False,2,고급
공기,명사,True,False,2,중급
공기,명사,True,False,2,고급
공동,명사,True,False,2,중급
공무원,명사,True,False,3,중급
공부,명사,True,False,2,초급
공부하다,동사,True,False,4,초급
공사,명사,True,False,2,중급
공식,명사,True,False,2,고급
공식적,명사,True,False,3,고급
공업,명사,True,False,2,고급
공연,명사,True,False,2,중급
공연되다,동사,True,False,4,고급
공연장,명사,True,False,3,고급
공연하다,동사,True,False,4,고급
공연히,부사,True,False,3,고급
공원,명사,True,False,2,초급
공장,명사,True,False,2,중급
공주,명사,True,False,2,고급
공중,명사,True,False,2,고급
공중전화,명사,True,False,4,초급
공짜,명사,True,False,2,중급
공책,명사,True,False,2,초급
공통,명사,True,False,2,고급
공통되다,동사,True,False,4,고급
공통적,명사,True,False,3,고급
공통점,명사,True,False,3,고급
공포,명사,True,False,2,고급
공항,명사,True,False,2,초급
공항버스,명사,True,False,4,중급
공해,명사,True,False,2,고급
공휴일,명사,True,False,3,초급
과,명사,True,False,1,고급
과,명사,True,False,1,초급
과거,명사,True,False,2,고급
과거,명사,True,False,2,중급
과목,명사,True,False,2,중급
과연,부사,True,False,2,고급
과외,명사,True,False,2,고급
과일,명사,False,False,2,초급
과자,명사,True,False,2,초급
과장,명사,True,False,2,중급
과정,명사,True,False,2,고급
과제,명사,True,False,2,중급
과학,명사,True,False,2,중급
과학자,명사,True,False,3,중급
과학적,명사,True,False,3,중급
관객,명사,True,False,2,중급
관계,명사,True,False,2,중급
관계되다,동사,True,False,4,고급
관계없이,부사,True,False,4,고급
관계자,명사,True,False,3,고급
관광,명사,True,False,2,중급
관광객,명사,True,False,3,중급
관광버스,명사,True,False,4,고급
관광지,명사,True,False,3,중급
관념,명사,True,False,2,고급
관람,명사,True,False,2,고급
관람객,명사,True,False,3,고급
관련,명사,True,False,2,중급
관련되다,동사,True,False,4,중급
관련하다,동사,True,False,4,중급
관리,명사,True,False,2,고급
관리,명사,True,False,2,중급
관리하다,동사,True,False,4,고급
관습,명사,True,False,2,고급
관심,명사,True,False,2,중급
관심사,명사,True,False,3,고급
관점,명사,True,False,2,고급
관찰,명사,True,False,2,고급
관찰하다,동사,True,False,4,중급
관하다,동사,True,False,3,중급
광경,명사,True,False,2,고급
광고,명사,True,False,2,중급
광장,명사,True,False,2,고급
광주,고유 명사,True,False,2,중급
괜찮다,형용사,False,False,3,초급
괜히,부사,False,False,2,중급
괴로움,명사,False,False,3,고급
괴로워하다,동사,False,False,5,고급
괴롭다,형용사,False,False,3,중급
괴롭히다,동사,False,False,4,고급
굉장하다,형용사,True,False,4,고급
굉장히,부사,True,False,3,중급
교과서,명사,True,False,3,초급
교내,명사,True,False,2,고급
교대,명사,True,False,2,고급
교류,명사,True,False,2,중급
교문,명사,True,False,2,중급
교복,명사,True,False,2,고급
교사,명사,True,False,2,고급
교수,명사,True,False,2,초급
교시,의존명사,True,False,2,고급
교실,명사,True,False,2,초급
교양,명사,True,False,2,고급
교외,명사,True,False,2,고급
교육,명사,True,False,2,중급
교육비,명사,True,False,3,고급
교육자,명사,True,False,3,고급
교장,명사,True,False,2,고급
교재,명사,True,False,2,고급
교직,명사,True,False,2,고급
교체,명사,True,False,2,고급
교통,명사,True,False,2,초급
교통사고,명사,True,False,4,중급
교포,명사,True,False,2,중급
교환,명사,True,False,2,중급
교환하다,동사,True,False,4,고급
교회,명사,True,False,2,초급
교훈,명사,True,False,2,고급
구,수사,True,False,1,초급
구,명사,True,False,1,고급
구경,명사,False,False,2,초급
구경하다,동사,False,False,4,중급
구두,명사,False,False,2,초급
구르다,동사,False,False,3,고급
구름,명사,False,False,2,초급
구멍,명사,False,False,2,중급
구별,명사,True,False,2,고급
구별되다,동사,True,False,4,고급
구별하다,동사,True,False,4,고급
구분,명사,True,False,2,고급
구분되다,동사,True,False,4,고급
구분하다,동사,True,False,4,고급
구석,명사,False,False,2,고급
구석구석,명사,False,False,4,고급
구성,명사,True,False,2,고급
구성되다,동사,True,False,4,고급
구성하다,동사,True,False,4,고급
구속,명사,True,False,2,고급
구속되다,동사,True,False,4,고급
구속하다,동사,True,False,4,고급
구십,수사,True,False,2,초급
구역,명사,True,False,2,고급
구월,명사,True,False,2,초급
구입,명사,True,False,2,고급
구입하다,동사,True,False,4,고급
구조,명사,True,False,2,고급
구청,명사,True,False,2,고급
구체적,명사,True,False,3,중급
구하다,동사,True,False,3,중급
국,명사,False,False,1,중급
국가,명사,True,False,2,중급
국가적,명사,True,False,3,고급
국기,명사,True,False,2,중급
국내,명사,True,False,2,중급
국내선,명사,True,False,3,고급
국내외,명사,True,False,3,고급
국립,명사,True,False,2,중급
국물,명사,False,False,2,중급
국민,명사,True,False,2,중급
국민적,명사,True,False,3,고급
국사,명사,True,False,2,고급
국산,명사,True,False,2,고급
국수,명사,False,False,2,중급
국어,명사,True,False,2,중급
국왕,명사,True,False,2,고급
국적,명사,True,False,2,고급
국제,명사,True,False,2,중급
국제선,명사,True,False,3,고급
국제적,명사,True,False,3,고급
국제화,명사,True,False,3,고급
국회,명사,True,False,2,고급
국회의원,명사,True,False,4,중급
군,의존명사,True,False,1,중급
군,명사,True,False,1,고급
군대,명사,True,False,2,중급
군데,의존명사,False,False,2,중급
군사,명사,True,False,2,고급
군인,명사,True,False,2,초급
굳다,형용사,False,False,2,고급
굳어지다,동사,False,False,4,고급
굳이,부사,False,False,2,중급
굳히다,동사,False,False,3,고급
굵다,형용사,False,False,2,중급
굶다,동사,False,False,2,고급
굽다,동사,False,False,2,중급
굽히다,동사,False,False,3,고급
궁극적,명사,True,False,3,고급
궁금하다,형용사,False,False,4,중급
권,의존명사,True,False,1,초급
권리,명사,True,False,2,고급
권위,명사,True,False,2,고급
권투,명사,True,False,2,중급
권하다,동사,True,False,3,중급
귀,명사,False,False,1,초급
귀가,명사,True,False,2,고급
귀가하다,동사,True,False,4,고급
귀국,명사,True,False,2,중급
귀국하다,동사,True,False,4,중급
귀신,명사,True,False,2,고급
귀엽다,형용사,False,False,3,중급
귀중하다,형용사,True,False,4,고급
귀찮다,형용사,False,False,3,고급
귀하다,형용사,True,False,3,고급
귓속,명사,False,False,2,고급
규모,명사,True,False,2,고급
규정,명사,True,False,2,고급
규칙,명사,True,False,2,중급
규칙적,명사,True,False,3,중급
균형,명사,True,False,2,고급
귤,명사,True,False,1,고급
그,관형사,False,False,1,초급
그간,명사,True,False,2,고급
그거,대명사,False,False,2,초급
그것,대명사,False,False,2,초급
그곳,대명사,False,False,2,초급
그나마,부사,False,False,3,고급
그날,명사,False,False,2,초급
그냥,부사,False,False,2,중급
그녀,대명사,True,False,2,고급
그놈,대명사,False,False,2,고급
그늘,명사,False,False,2,중급
그다음,명사,False,False,3,중급
그다지,부사,False,False,3,중급
그대,대명사,False,False,2,고급
그대로,부사,False,False,3,중급
그동안,명사,False,False,3,초급
그때,명사,False,False,2,초급
그때그때,부사,False,False,4,고급
그래,감탄사,False,False,2,초급
그래도,줄어든 말,False,False,3,중급
그래서,부사,False,False,3,초급
그래야,줄어든 말,False,False,3,고급
그래픽,명사,False,False,3,고급
그램,의존명사,False,False,2,중급
그러나,부사,False,False,3,초급
그러니까,부사,False,False,4,초급
그러다,동사,False,False,3,고급
그러면,부사,False,False,3,초급
그러므로,부사,False,False,4,중급
그러하다,형용사,False,False,4,중급
그런,관형사,False,False,2,중급
그런대로,부사,False,False,4,고급
그런데,부사,False,False,3,초급
그럴듯하다,형용사,False,False,5,고급
그럼,부사,False,False,2,초급
그렇게,줄어든 말,False,False,3,중급
그렇다,형용사,False,False,3,초급
그렇지,감탄사,False,False,3,중급
그렇지만,부사,False,False,4,초급
그려지다,동사,False,False,4,중급
그루,의존명사,False,False,2,고급
그룹,명사,False,False,2,중급
그릇,명사,False,False,2,초급
그리,부사,False,False,2,중급
그리고,부사,False,False,3,초급
그리다,동사,False,False,3,초급
그리로,부사,False,False,3,고급
그리움,명사,False,False,3,고급
그리워하다,동사,False,False,5,고급
그리하여,부사,False,False,4,고급
그림,명사,False,False,2,초급
그림자,명사,False,False,3,중급
그립다,형용사,False,False,3,중급
그만,부사,False,False,2,중급
그만두다,동사,False,False,4,중급
그만큼,부사,False,False,3,중급
그만하다,형용사,False,False,4,중급
그분,대명사,False,False,2,초급
그사이,명사,False,False,3,고급
그야말로,부사,False,False,4,고급
그이,대명사,False,False,2,고급
그저,부사,False,False,2,고급
그저께,명사,False,False,3,고급
그전,명사,True,False,2,고급
그제서야,부사,False,False,4,고급
그제야,부사,False,False,3,고급
그중,명사,True,False,2,중급
그쪽,대명사,False,False,2,초급
그치다,동사,False,False,3,중급
그토록,부사,False,False,3,고급
그해,명사,False,False,2,중급
극,명사,True,False,1,고급
극복,명사,True,False,2,고급
극복하다,동사,True,False,4,고급
극작가,명사,True,False,3,고급
극장,명사,True,False,2,초급
극히,부사,True,False,2,고급
근거,명사,True,False,2,고급
근거하다,동사,True,False,4,고급
근교,명사,True,False,2,고급
근데,부사,False,False,2,중급
근래,명사,True,False,2,고급
근로,명사,True,False,2,고급
근로자,명사,True,False,3,중급
근무,명사,True,False,2,중급
근무하다,동사,True,False,4,중급
근본,명사,True,False,2,고급
근본적,명사,True,False,3,고급
근원,명사,True,False,2,고급
근육,명사,True,False,2,고급
근처,명사,True,False,2,초급
글,명사,False,False,1,중급
글쎄,감탄사,False,False,2,중급
글쎄요,감탄사,False,False,3,중급
글쓰기,명사,False,False,3,중급
글씨,명사,False,False,2,중급
글자,명사,True,False,2,중급
긁다,동사,False,False,2,고급
금,명사,False,False,1,고급
금,명사,True,False,1,중급
금강산,고유 명사,True,False,3,고급
금고,명사,True,False,2,고급
금년,명사,True,False,2,중급
금메달,명사,True,False,3,고급
금방,부사,True,False,2,중급
금세,부사,False,False,2,고급
금액,명사,True,False,2,고급
금연,명사,True,False,2,중급
금요일,명사,True,False,3,초급
금지,명사,True,False,2,중급
금지되다,동사,True,False,4,고급
금지하다,동사,True,False,4,중급
금하다,동사,True,False,3,고급
급,명사,True,False,1,초급
급격히,부사,True,False,3,고급
급속히,부사,True,False,3,고급
급증하다,동사,True,False,4,고급
급하다,형용사,True,False,3,중급
급히,부사,True,False,2,고급
긋다,동사,False,False,2,고급
긍정적,명사,True,False,3,중급
기,명사,True,False,1,고급
기간,명사,True,False,2,중급
기계,명사,True,False,2,중급
기관,명사,True,False,2,고급
기구,명사,True,False,2,고급
기기,명사,True,False,2,고급
기념,명사,True,False,2,고급
기념일,명사,True,False,3,고급
기념품,명사,True,False,3,고급
기념하다,동사,True,False,4,고급
기능,명사,True,False,2,고급
기다,동사,False,False,2,고급
기다리다,동사,False,False,4,초급
기대,명사,True,False,2,중급
기대다,동사,False,False,3,고급
기대되다,동사,True,False,4,고급
기대하다,동사,True,False,4,중급
기도,명사,True,False,2,중급
기도하다,동사,True,False,4,고급
기독교,명사,True,False,3,고급
기둥,명사,False,False,2,고급
기록,명사,True,False,2,고급
기록되다,동사,True,False,4,고급
기록하다,동사,True,False,4,중급
기르다,동사,False,False,3,중급
기름,명사,False,False,2,중급
기막히다,형용사,True,False,4,고급
기법,명사,True,False,2,고급
기본,명사,True,False,2,중급
기본적,명사,True,False,3,고급
기분,명사,True,False,2,초급
기뻐하다,동사,False,False,4,중급
기쁘다,형용사,False,False,3,중급
기쁨,명사,False,False,2,중급
기사,명사,True,False,2,중급
기성,명사,True,False,2,고급
기성세대,명사,True,False,4,고급
기숙사,명사,True,False,3,초급
기술,명사,True,False,2,중급
기술자,명사,True,False,3,고급
기술하다,동사,True,False,4,고급
기억,명사,True,False,2,중급
기억나다,동사,True,False,4,중급
기억되다,동사,True,False,4,고급
기억하다,동사,True,False,4,중급
기업,명사,True,False,2,고급
기업인,명사,True,False,3,고급
기여,명사,True,False,2,고급
기여하다,동사,True,False,4,고급
기온,명사,True,False,2,중급
기운,명사,False,False,2,중급
기울다,동사,False,False,3,고급
기울이다,동사,False,False,4,고급
기원,명사,True,False,2,고급
기원전,명사,True,False,3,고급
기자,명사,True,False,2,중급
기적,명사,True,False,2,고급
기준,명사,True,False,2,중급
기차,명사,True,False,2,초급
기초,명사,True,False,2,중급
기초적,명사,True,False,3,고급
기초하다,동사,True,False,4,고급
기침,명사,False,False,2,중급
기타,명사,True,False,2,고급
기타,명사,False,False,2,중급
기호,명사,True,False,2,고급
기혼,명사,True,False,2,고급
기회,명사,True,False,2,중급
기획,명사,True,False,2,고급
기후,명사,True,False,2,고급
긴급,명사,True,False,2,고급
긴장,명사,True,False,2,중급
긴장감,명사,True,False,3,고급
긴장되다,동사,True,False,4,고급
긴장하다,동사,True,False,4,중급
길,명사,False,False,1,초급
길가,명사,False,False,2,중급
길거리,명사,False,False,3,중급
길다,형용사,False,False,2,초급
길어지다,동사,False,False,4,고급
길이,명사,False,False,2,중급
김,명사,False,False,1,고급
김,명사,False,False,1,중급
김밥,명사,False,False,2,초급
김치,명사,False,False,2,초급
김치찌개,명사,False,False,4,중급
김포공항,고유 명사,True,False,4,중급
깊다,형용사,False,False,2,중급
깊숙이,부사,False,False,3,고급
깊이,명사,False,False,2,중급
까다,동사,False,False,2,고급
까닭,명사,False,False,2,중급
까만색,명사,True,False,3,중급
까맣다,형용사,False,False,3,중급
까먹다,동사,False,False,3,고급
까치,명사,False,False,2,고급
깍두기,명사,False,False,3,고급
깎다,동사,False,False,2,초급
깔끔하다,형용사,False,False,4,고급
깔다,동사,False,False,2,고급
깔리다,동사,False,False,3,고급
깜빡,부사,False,False,2,중급
깜짝,부사,False,False,2,중급
깡패,명사,True,False,2,고급
깨끗이,부사,False,False,3,중급
깨끗하다,형용사,False,False,4,초급
깨끗해지다,동사,False,False,5,고급
깨다,동사,False,False,2,중급
깨닫다,동사,False,False,3,고급
깨달음,명사,False,False,3,고급
깨뜨리다,동사,False,False,4,고급
깨소금,명사,False,False,3,고급
깨어나다,동사,False,False,4,고급
깨어지다,동사,False,False,4,고급
깨우다,동사,False,False,3,고급
깨지다,동사,False,False,3,중급
꺼내다,동사,False,False,3,중급
꺼지다,동사,False,False,3,중급
꺾다,동사,False,False,2,고급
껌,명사,False,False,1,중급
껍질,명사,False,False,2,중급
꼬리,명사,False,False,2,고급
꼬마,명사,False,False,2,고급
꼭,부사,False,False,1,고급
꼭,부사,False,False,1,초급
꼭대기,명사,False,False,3,중급
꼴,명사,False,False,1,고급
꼼꼼하다,형용사,False,False,4,고급
꼼짝,부사,False,False,2,고급
꼽히다,동사,False,False,3,고급
꽂다,동사,False,False,2,고급
꽃,명사,False,False,1,초급
꽃씨,명사,False,False,2,고급
꽃잎,명사,False,False,2,중급
꽉,부사,False,False,1,고급
꽤,부사,False,False,1,중급
꾸다,동사,False,False,2,중급
꾸다,동사,False,False,2,고급
꾸리다,동사,False,False,3,고급
꾸미다,동사,False,False,3,중급
꾸준하다,형용사,False,False,4,고급
꾸준히,부사,False,False,3,중급
꾸중,명사,False,False,2,고급
꿀,명사,False,False,1,중급
꿈,명사,False,False,1,초급
꿈꾸다,동사,False,False,3,중급
꿈속,명사,False,False,2,중급
끄다,동사,False,False,2,초급
끄덕이다,동사,False,False,4,중급
끈,명사,False,False,1,고급
끊기다,동사,False,False,3,고급
끊다,동사,False,False,2,중급
끊어지다,동사,False,False,4,중급
끊임없다,형용사,False,False,4,고급
끊임없이,부사,False,False,4,고급
끌다,동사,False,False,2,중급
끌리다,동사,False,False,3,고급
끌어당기다,동사,False,False,5,고급
끓다,동사,False,False,2,중급
끓이다,동사,False,False,3,중급
끝,명사,False,False,1,초급
끝나다,동사,False,False,3,초급
끝내,부사,False,False,2,중급
끝내다,동사,False,False,3,초급
끝없다,형용사,False,False,3,고급
끝없이,부사,False,False,3,고급
끼,명사,False,False,1,고급
끼다,동사,False,False,2,중급
끼어들다,동사,False,False,4,고급
끼우다,동사,False,False,3,고급
나,대명사,False,False,1,초급
나가다,동사,False,False,3,초급
나누다,동사,False,False,3,중급
나누어지다,동사,False,False,5,고급
나뉘다,동사,False,False,3,고급
나다,동사,False,False,2,초급
나다,보조 용언,False,False,2,중급
나들이,명사,False,False,3,고급
나라,명사,False,False,2,초급
나란히,부사,False,False,3,고급
나르다,동사,False,False,3,고급
나름,의존명사,False,False,2,고급
나머지,명사,False,False,3,중급
나무,명사,False,False,2,초급
나물,명사,False,False,2,중급
나뭇가지,명사,False,False,4,중급
나뭇잎,명사,False,False,3,중급
나비,명사,False,False,2,중급
나빠지다,동사,False,False,4,중급
나쁘다,형용사,False,False,3,초급
나서다,동사,False,False,3,중급
나아가다,동사,False,False,4,고급
나아지다,동사,False,False,4,고급
나오다,동사,False,False,3,초급
나이,명사,False,False,2,초급
나중,명사,False,False,2,초급
나침반,명사,True,False,3,고급
나타나다,동사,False,False,4,중급
나타내다,동사,False,False,4,중급
나흘,명사,False,False,2,중급
낙엽,명사,True,False,2,중급
낚시,명사,False,False,2,중급
낚시꾼,명사,False,False,3,고급
낚싯대,명사,False,False,3,고급
난리,명사,True,False,2,고급
난방,명사,True,False,2,고급
날,명사,False,False,1,초급
날개,명사,False,False,2,중급
날다,동사,False,False,2,초급
날리다,동사,False,False,3,고급
날씨,명사,False,False,2,초급
날아가다,동사,False,False,4,중급
날아다니다,동사,False,False,5,고급
날아오다,동사,False,False,4,중급
날짜,명사,False,False,2,초급
날카롭다,형용사,False,False,4,고급
낡다,형용사,False,False,2,중급
남,명사,False,False,1,고급
남,명사,True,False,1,중급
남기다,동사,False,False,3,중급
남녀,명사,True,False,2,초급
남다,동사,False,False,2,중급
남대문,고유 명사,True,False,3,초급
남대문시장,고유 명사,True,False,5,초급
남동생,명사,True,False,3,초급
남매,명사,True,False,2,중급
남미,고유 명사,True,False,2,고급
남부,명사,True,False,2,고급
남북,명사,True,False,2,고급
남산,고유 명사,True,False,2,중급
남성,명사,True,False,2,중급
남자,명사,True,False,2,초급
남쪽,명사,True,False,2,초급
남편,명사,True,False,2,초급
남학생,명사,True,False,3,초급
납득하다,동사,True,False,4,고급
낫다,동사,False,False,2,중급
낭비,명사,True,False,2,고급
낮,명사,False,False,1,초급
낮다,형용사,False,False,2,초급
낮아지다,동사,False,False,4,고급
낮추다,동사,False,False,3,고급
낯설다,형용사,False,False,3,중급
낱말,명사,False,False,2,고급
낳다,동사,False,False,2,중급
내,의존명사,True,False,1,고급
내과,명사,True,False,2,고급
내내,부사,False,False,2,중급
내년,명사,True,False,2,초급
내놓다,동사,False,False,3,중급
내다,동사,False,False,2,초급
내다보다,동사,False,False,4,고급
내달,명사,True,False,2,고급
내려가다,동사,False,False,4,초급
내려놓다,동사,False,False,4,중급
내려다보다,동사,False,False,5,중급
내려오다,동사,False,False,4,초급
내려지다,동사,False,False,4,고급
내리다,동사,False,False,3,초급
내밀다,동사,False,False,3,중급
내버리다,동사,False,False,4,고급
내보내다,동사,False,False,4,고급
내부,명사,True,False,2,고급
내쉬다,동사,False,False,3,고급
내외,명사,True,False,2,고급
내용,명사,True,False,2,중급
내용물,명사,True,False,3,고급
내일,명사,True,False,2,초급
내적,명사,True,False,2,고급
내주다,동사,False,False,3,고급
내지,부사,True,False,2,중급
내후년,명사,True,False,3,고급
냄비,명사,False,False,2,중급
냄새,명사,False,False,2,중급
냇물,명사,False,False,2,고급
냉동,명사,True,False,2,고급
냉면,명사,True,False,2,초급
냉방,명사,True,False,2,고급
냉장고,명사,True,False,3,초급
너,대명사,False,False,1,초급
너머,명사,False,False,2,중급
너무,부사,False,False,2,초급
너무나,부사,False,False,3,중급
너희,대명사,False,False,2,중급
넉,관형사,False,False,1,고급
넉넉하다,형용사,False,False,4,고급
널리,부사,False,False,2,고급
넓다,형용사,False,False,2,초급
넓어지다,동사,False,False,4,중급
넓히다,동사,False,False,3,중급
넘겨주다,동사,False,False,4,고급
넘기다,동사,False,False,3,고급
넘다,동사,False,False,2,중급
넘어가다,동사,False,False,4,중급
넘어뜨리다,동사,False,False,5,고급
넘어서다,동사,False,False,4,중급
넘어오다,동사,False,False,4,고급
넘어지다,동사,False,False,4,중급
넘치다,동사,False,False,3,중급
넣다,동사,False,False,2,초급
네,관형사,False,False,1,초급
네거리,명사,False,False,3,중급
넥타이,명사,False,False,3,초급
넷,수사,False,False,1,초급
넷째,관형사,False,False,2,초급
녀석,의존명사,False,False,2,중급
년,의존명사,True,False,1,초급
년대,의존명사,True,False,2,중급
년도,의존명사,True,False,2,중급
년생,의존명사,True,False,2,고급
노동,명사,True,False,2,고급
노동자,명사,True,False,3,중급
노란색,명사,True,False,3,초급
노랗다,형용사,False,False,3,중급
노래,명사,False,False,2,초급
노래방,명사,True,False,3,중급
노래하다,동사,False,False,4,초급
노랫소리,명사,False,False,4,중급
노력,명사,True,False,2,중급
노력하다,동사,True,False,4,중급
노선,명사,True,False,2,고급
노인,명사,True,False,2,중급
노트,명사,False,False,2,초급
녹다,동사,False,False,2,고급
녹색,명사,True,False,2,중급
녹음,명사,True,False,2,중급
녹음하다,동사,True,False,4,중급
녹이다,동사,False,False,3,고급
녹차,명사,True,False,2,중급
녹화,명사,True,False,2,고급
논,명사,False,False,1,고급
논리,명사,True,False,2,고급
논리적,명사,True,False,3,고급
논문,명사,True,False,2,중급
논의하다,동사,True,False,4,중급
논쟁,명사,True,False,2,고급
논하다,동사,True,False,3,고급
놀다,동사,False,False,2,초급
놀라다,동사,False,False,3,초급
놀랍다,형용사,False,False,3,중급
놀리다,동사,False,False,3,고급
놀이,명사,False,False,2,중급
놀이터,명사,False,False,3,중급
놈,의존명사,False,False,1,고급
농구,명사,True,False,2,중급
농담,명사,True,False,2,중급
농민,명사,True,False,2,고급
농부,명사,True,False,2,고급
농사,명사,True,False,2,중급
농사일,명사,True,False,3,고급
농사짓다,동사,True,False,4,고급
농산물,명사,True,False,3,고급
농업,명사,True,False,2,중급
농장,명사,True,False,2,고급
농촌,명사,True,False,2,중급
높다,형용사,False,False,2,초급
높아지다,동사,False,False,4,중급
높이,명사,False,False,2,중급
높이다,동사,False,False,3,중급
놓다,동사,False,False,2,초급
놓아두다,동사,False,False,4,고급
놓이다,동사,False,False,3,중급
놓치다,동사,False,False,3,중급
놔두다,동사,False,False,3,고급
뇌,명사,True,False,1,고급
누구,대명사,False,False,2,초급
누나,명사,False,False,2,초급
누르다,동사,False,False,3,중급
눈,명사,False,False,1,초급
눈가,명사,False,False,2,고급
눈감다,동사,False,False,3,고급
눈길,명사,False,False,2,고급
눈동자,명사,True,False,3,고급
눈뜨다,동사,False,False,3,고급
눈물,명사,False,False,2,초급
눈병,명사,True,False,2,고급
눈부시다,형용사,False,False,4,고급
눈빛,명사,False,False,2,중급
눈썹,명사,False,False,2,중급
눈앞,명사,False,False,2,중급
눕다,동사,False,False,2,중급
뉴스,명사,False,False,2,초급
뉴욕,고유 명사,False,False,2,중급
느껴지다,동사,False,False,4,중급
느끼다,동사,False,False,3,중급
느낌,명사,False,False,2,중급
느리다,형용사,False,False,3,중급
늑대,명사,False,False,2,고급
늘,부사,False,False,1,중급
늘다,동사,False,False,2,중급
늘리다,동사,False,False,3,중급
늘어나다,동사,False,False,4,중급
늘어놓다,동사,False,False,4,고급
늘어서다,동사,False,False,4,고급
늘어지다,동사,False,False,4,고급
늙다,동사,False,False,2,중급
능동적,명사,True,False,3,고급
능력,명사,True,False,2,중급
늦가을,명사,False,False,3,고급
늦다,동사,False,False,2,초급
늦어지다,동사,False,False,4,고급
다,명사,False,False,1,초급
다가가다,동사,False,False,4,중급
다가서다,동사,False,False,4,고급
다가오다,동사,False,False,4,중급
다녀가다,동사,False,False,4,중급
다녀오다,동사,False,False,4,초급
다니다,동사,False,False,3,초급
다듬다,동사,False,False,3,고급
다루다,동사,False,False,3,고급
다르다,형용사,False,False,3,초급
다른,관형사,False,False,2,초급
다름없다,형용사,False,False,4,고급
다리,명사,False,False,2,초급
다만,부사,False,False,2,고급
다방,명사,True,False,2,고급
다섯,수사,False,False,2,초급
다섯째,관형사,False,False,3,초급
다소,부사,True,False,2,고급
다수,명사,True,False,2,중급
다시,부사,False,False,2,초급
다양성,명사,True,False,3,고급
다양하다,형용사,True,False,4,중급
다양해지다,동사,True,False,5,고급
다음,명사,False,False,2,초급
다이어트,명사,False,False,4,중급
다정하다,형용사,True,False,4,고급
다지다,동사,False,False,3,고급
다짐하다,동사,False,False,4,고급
다치다,동사,False,False,3,중급
다투다,동사,False,False,3,고급
다툼,명사,False,False,2,고급
다하다,동사,False,False,3,중급
다행,명사,True,False,2,고급
다행히,부사,True,False,3,중급
닥치다,동사,False,False,3,고급
닦다,동사,False,False,2,초급
단,명사,True,False,1,고급
단,관형사,True,False,1,중급
단계,명사,True,False,2,고급
단골,명사,False,False,2,고급
단단하다,형용사,False,False,4,고급
단독,명사,True,False,2,고급
단맛,명사,False,False,2,중급
단순,명사,True,False,2,고급
단순하다,형용사,True,False,4,중급
단순히,부사,True,False,3,중급
단어,명사,True,False,2,초급
단위,명사,True,False,2,고급
단점,명사,True,False,2,중급
단지,부사,True,False,2,중급
단체,명사,True,False,2,중급
단추,명사,False,False,2,고급
단편,명사,True,False,2,고급
단풍,명사,True,False,2,고급
닫다,동사,False,False,2,초급
닫히다,동사,False,False,3,중급
달,명사,False,False,1,초급
달걀,명사,False,False,2,중급
달다,동사,False,False,2,중급
달다,동사,False,False,2,고급
달다,형용사,False,False,2,초급
달라지다,동사,False,False,4,중급
달래다,동사,False,False,3,고급
달러,명사,False,False,2,초급
달려가다,동사,False,False,4,중급
달려들다,동사,False,False,4,고급
달려오다,동사,False,False,4,중급
달력,명사,True,False,2,초급
달리,부사,False,False,2,고급
달리기,명사,False,False,3,고급
달리다,동사,False,False,3,중급
달리하다,동사,False,False,4,고급
달빛,명사,False,False,2,중급
달아나다,동사,False,False,4,중급
닭,명사,False,False,1,초급
닭고기,명사,False,False,3,초급
닮다,동사,False,False,2,중급
담,명사,False,False,1,고급
담그다,동사,False,False,3,중급
담기다,동사,False,False,3,중급
담다,동사,False,False,2,중급
담당,명사,True,False,2,고급
담당자,명사,True,False,3,고급
담당하다,동사,True,False,4,중급
담배,명사,False,False,2,초급
담요,명사,False,False,2,중급
담임,명사,True,False,2,중급
답,명사,True,False,1,고급
답답하다,형용사,False,False,4,중급
답변,명사,True,False,2,고급
답장,명사,True,False,2,중급
답하다,동사,True,False,3,중급
닷새,명사,False,False,2,중급
당근,명사,False,False,2,중급
당기다,동사,False,False,3,중급
당당하다,형용사,True,False,4,고급
당분간,부사,True,False,3,고급
당시,명사,True,False,2,고급
당신,대명사,True,False,2,중급
당연하다,형용사,True,False,4,중급
당연히,부사,True,False,3,중급
당장,명사,True,False,2,중급
당하다,동사,True,False,3,고급
당황하다,동사,True,False,4,중급
닿다,동사,False,False,2,중급
대,명사,False,False,1,고급
대,의존명사,True,False,1,중급
대가,명사,True,False,2,고급
대강,부사,True,False,2,고급
대개,명사,True,False,2,고급
대구,고유 명사,True,False,2,중급
대규모,명사,True,False,3,고급
대기,명사,True,False,2,고급
대기업,명사,True,False,3,중급
대기하다,동사,True,False,4,고급
대낮,명사,False,False,2,고급
대다,동사,False,False,2,고급
대다수,명사,True,False,3,고급
대단하다,형용사,False,False,4,중급
대단히,부사,False,False,3,중급
대답,명사,True,False,2,초급
대답하다,동사,True,False,4,초급
대도시,명사,True,False,3,중급
대략,부사,True,False,2,고급
대량,명사,True,False,2,고급
대로,의존명사,False,False,2,고급
대륙,명사,True,False,2,고급
대문,명사,True,False,2,중급
대부분,명사,True,False,3,중급
대비,명사,True,False,2,고급
대비하다,동사,True,False,4,고급
대사,명사,True,False,2,고급
대사관,명사,True,False,3,초급
대상자,명사,True,False,3,고급
대신,명사,True,False,2,중급
대신하다,동사,True,False,4,고급
대여섯,관형사,False,False,3,고급
대응,명사,True,False,2,고급
대응하다,동사,True,False,4,고급
대입,명사,True,False,2,고급
대전,고유 명사,True,False,2,중급
대접,명사,True,False,2,고급
대접하다,동사,True,False,4,고급
대중,명사,True,False,2,중급
대중교통,명사,True,False,4,중급
대중문화,명사,True,False,4,중급
대중적,명사,True,False,3,고급
대책,명사,True,False,2,고급
대처하다,동사,True,False,4,고급
대체,부사,True,False,2,고급
대체로,부사,True,False,3,고급
대출,명사,True,False,2,고급
대충,부사,False,False,2,고급
대통령,명사,True,False,3,중급
대표,명사,True,False,2,중급
대표적,명사,True,False,3,중급
대표하다,동사,True,False,4,고급
대하다,동사,True,False,3,중급
대학,명사,True,False,2,초급
대학교,명사,True,False,3,초급
대학교수,명사,True,False,4,중급
대학로,고유 명사,True,False,3,고급
대학생,명사,True,False,3,초급
대학원,명사,True,False,3,중급
대한민국,고유 명사,True,False,4,중급
대합실,명사,True,False,3,고급
대형,명사,True,False,2,고급
대화,명사,True,False,2,초급
대화하다,동사,True,False,4,중급
대회,명사,True,False,2,중급
댁,명사,True,False,1,초급
댐,명사,False,False,1,고급
더,부사,False,False,1,초급
더구나,부사,False,False,3,중급
더더욱,부사,False,False,3,고급
더러워지다,동사,False,False,5,고급
더럽다,형용사,False,False,3,중급
더불다,동사,False,False,3,고급
더욱,부사,False,False,2,고급
더욱더,부사,False,False,3,고급
더욱이,부사,False,False,3,고급
더위,명사,False,False,2,중급
더하다,동사,False,False,3,중급
덕,명사,True,False,1,고급
덕분,명사,True,False,2,중급
덕수궁,고유 명사,True,False,3,중급
던지다,동사,False,False,3,중급
덜,부사,False,False,1,중급
덜다,동사,False,False,2,고급
덥다,형용사,False,False,2,초급
덧붙이다,동사,False,False,4,고급
덩어리,명사,False,False,3,고급
덮다,동사,False,False,2,중급
덮이다,동사,False,False,3,고급
데,의존명사,False,False,1,중급
데려가다,동사,False,False,4,중급
데려오다,동사,False,False,4,중급
데리다,동사,False,False,3,중급
데우다,동사,False,False,3,고급
데이트,명사,False,False,3,고급
도,의존명사,True,False,1,고급
도구,명사,True,False,2,중급
도달하다,동사,True,False,4,고급
도대체,부사,True,False,3,고급
도덕,명사,True,False,2,고급
도둑,명사,False,False,2,중급
도로,부사,False,False,2,중급
도리어,부사,False,False,3,고급
도마,명사,False,False,2,고급
도망,명사,True,False,2,고급
도망가다,동사,True,False,4,중급
도망치다,동사,True,False,4,고급
도서관,명사,True,False,3,초급
도시,명사,True,False,2,초급
도시락,명사,False,False,3,중급
도심,명사,True,False,2,고급
도와주다,동사,False,False,4,초급
도움,명사,False,False,2,중급
도움말,명사,False,False,3,고급
도입,명사,True,False,2,고급
도자기,명사,True,False,3,중급
도장,명사,True,False,2,고급
도저히,부사,True,False,3,고급
도전,명사,True,False,2,고급
도중,명사,True,False,2,중급
도착,명사,True,False,2,초급
도착하다,동사,True,False,4,초급
도쿄(동경),고유 명사,True,False,6,중급
독감,명사,True,False,2,고급
독립,명사,True,False,2,고급
독립하다,동사,True,False,4,고급
독서,명사,True,False,2,중급
독일,고유 명사,True,False,2,초급
독일어,명사,True,False,3,중급
독창적,명사,True,False,3,고급
독특하다,형용사,True,False,4,고급
독하다,형용사,True,False,3,고급
돈,명사,False,False,1,초급
돌,명사,False,False,1,중급
돌다,동사,False,False,2,중급
돌려주다,동사,False,False,4,중급
돌리다,동사,False,False,3,중급
돌멩이,명사,False,False,3,고급
돌보다,동사,False,False,3,중급
돌아가다,동사,False,False,4,초급
돌아다니다,동사,False,False,5,고급
돌아보다,동사,False,False,4,중급
돌아서다,동사,False,False,4,중급
돌아오다,동사,False,False,4,초급
돕다,동사,False,False,2,초급
동,관형사,True,False,1,고급
동그라미,명사,False,False,4,고급
동그랗다,형용사,False,False,4,고급
동기,명사,True,False,2,고급
동기,명사,True,False,2,중급
동네,명사,True,False,2,중급
동대문,고유 명사,True,False,3,중급
동대문시장,고유 명사,True,False,5,중급
동료,명사,True,False,2,고급
동물,명사,True,False,2,초급
동물원,명사,True,False,3,중급
동부,명사,True,False,2,고급
동생,명사,False,False,2,초급
동서,명사,True,False,2,고급
동서남북,명사,True,False,4,고급
동시,명사,True,False,2,중급
동아리,명사,False,False,3,중급
동안,명사,False,False,2,초급
동양,명사,True,False,2,중급
동양인,명사,True,False,3,고급
동의,명사,True,False,2,고급
동의하다,동사,True,False,4,고급
동일하다,형용사,True,False,4,고급
동작,명사,True,False,2,고급
동전,명사,True,False,2,중급
동쪽,명사,True,False,2,초급
동창,명사,True,False,2,중급
동포,명사,True,False,2,고급
동행,명사,True,False,2,고급
동화,명사,True,False,2,중급
동화책,명사,True,False,3,고급
돼지,명사,False,False,2,초급
돼지고기,명사,False,False,4,초급
되게,부사,False,False,2,중급
되다,동사,False,False,2,초급
되돌리다,동사,False,False,4,고급
되돌아가다,동사,False,False,5,고급
되돌아보다,동사,False,False,5,고급
되돌아오다,동사,False,False,5,고급
되살리다,동사,False,False,4,고급
되찾다,동사,False,False,3,고급
되풀이되다,동사,False,False,5,고급
되풀이하다,동사,False,False,5,고급
된장,명사,True,False,2,중급
된장찌개,명사,True,False,4,중급
두,관형사,False,False,1,초급
두껍다,형용사,False,False,3,중급
두께,명사,False,False,2,고급
두뇌,명사,True,False,2,고급
두다,동사,False,False,2,중급
두드러지다,형용사,False,False,5,고급
두드리다,동사,False,False,4,중급
두려움,명사,False,False,3,고급
두려워하다,동사,False,False,5,고급
두렵다,형용사,False,False,3,고급
두르다,동사,False,False,3,고급
두리번거리다,동사,False,False,6,고급
두부,명사,True,False,2,중급
두세,관형사,False,False,2,중급
두어,관형사,False,False,2,고급
두통,명사,True,False,2,중급
둘,수사,False,False,1,초급
둘러보다,동사,False,False,4,중급
둘러싸다,동사,False,False,4,고급
둘러싸이다,동사,False,False,5,고급
둘째,관형사,False,False,2,초급
둥글다,형용사,False,False,3,중급
둥지,명사,False,False,2,고급
뒤,명사,False,False,1,초급
뒤늦다,형용사,False,False,3,고급
뒤따르다,동사,False,False,4,고급
뒤지다,동사,False,False,3,고급
뒤집다,동사,False,False,3,중급
뒤쪽,명사,False,False,2,중급
뒤편,명사,True,False,2,고급
뒷골목,명사,False,False,3,고급
뒷모습,명사,False,False,3,고급
뒷문,명사,True,False,2,고급
뒷산,명사,True,False,2,중급
드디어,부사,False,False,3,고급
드라마,명사,False,False,3,중급
드러나다,동사,False,False,4,고급
드리다,동사,False,False,3,초급
드물다,형용사,False,False,3,고급
듣다,동사,False,False,2,초급
들,명사,False,False,1,중급
들다,동사,False,False,2,초급
들다,보조 용언,False,False,2,중급
들려오다,동사,False,False,4,중급
들려주다,동사,False,False,4,중급
들르다,동사,False,False,3,중급
들리다,동사,False,False,3,중급
들어가다,동사,False,False,4,초급
들어서다,동사,False,False,4,중급
들어오다,동사,False,False,4,초급
들어주다,동사,False,False,4,고급
들여놓다,동사,False,False,4,고급
들여다보다,동사,False,False,5,중급
들이다,동사,False,False,3,고급
들이마시다,동사,False,False,5,고급
들이켜다,동사,False,False,4,고급
듯,의존명사,False,False,1,고급
듯싶다,보조 용언,False,False,3,고급
듯이,의존명사,False,False,2,중급
듯하다,보조 용언,False,False,3,고급
등,명사,False,False,1,중급
등등,의존명사,True,False,2,고급
등록,명사,True,False,2,중급
등록금,명사,True,False,3,중급
등록증,명사,True,False,3,고급
등록하다,동사,True,False,4,고급
등산,명사,True,False,2,초급
등산로,명사,True,False,3,중급
등장,명사,True,False,2,고급
등장하다,동사,True,False,4,고급
디스크,명사,False,False,3,고급
디자이너,명사,False,False,4,중급
디자인,명사,False,False,3,중급
따님,명사,False,False,2,고급
따다,동사,False,False,2,중급
따뜻하다,형용사,False,False,4,초급
따라가다,동사,False,False,4,중급
따라다니다,동사,False,False,5,고급
따라서,부사,False,False,3,고급
따라오다,동사,False,False,4,중급
따로,부사,False,False,2,중급
따로따로,부사,False,False,4,고급
따르다,동사,False,False,3,중급
따스하다,형용사,False,False,4,고급
딱,부사,False,False,1,고급
딱,부사,False,False,1,중급
딱딱하다,형용사,False,False,4,고급
딴,관형사,False,False,1,중급
딸,명사,False,False,1,초급
딸기,명사,False,False,2,초급
딸아이,명사,False,False,3,고급
땀,명사,False,False,1,중급
땅,명사,False,False,1,중급
땅바닥,명사,False,False,3,고급
땅속,명사,False,False,2,고급
땅콩,명사,False,False,2,중급
때,명사,False,False,1,초급
때,명사,False,False,1,고급
때때로,부사,False,False,3,중급
때로,부사,False,False,2,고급
때리다,동사,False,False,3,고급
때문,의존명사,False,False,2,초급
땜,의존명사,False,False,1,중급
떠나가다,동사,False,False,4,고급
떠나다,동사,False,False,3,초급
떠나오다,동사,False,False,4,고급
떠들다,동사,False,False,3,중급
떠들썩하다,형용사,False,False,5,고급
떠오르다,동사,False,False,4,중급
떠올리다,동사,False,False,4,중급
떡,명사,False,False,1,초급
떡국,명사,False,False,2,고급
떡볶이,명사,False,False,3,중급
떨다,동사,False,False,2,중급
떨리다,동사,False,False,3,중급
떨어뜨리다,동사,False,False,5,중급
떨어지다,동사,False,False,4,중급
떼,명사,False,False,1,고급
떼다,동사,False,False,2,중급
또,부사,False,False,1,초급
또는,부사,False,False,2,중급
또다시,부사,False,False,3,중급
또한,부사,False,False,2,중급
똑같다,형용사,False,False,3,초급
똑같이,부사,False,False,3,중급
똑똑하다,형용사,False,False,4,중급
똑바로,부사,False,False,3,초급
뚜껑,명사,False,False,2,중급
뚫다,동사,False,False,2,고급
뚱뚱하다,형용사,False,False,4,중급
뛰놀다,동사,False,False,3,고급
뛰다,동사,False,False,2,초급
뛰어가다,동사,False,False,4,고급
뛰어나가다,동사,False,False,5,중급
뛰어나다,형용사,False,False,4,고급
뛰어나오다,동사,False,False,5,고급
뛰어내리다,동사,False,False,5,고급
뛰어넘다,동사,False,False,4,고급
뛰어놀다,동사,False,False,4,고급
뛰어다니다,동사,False,False,5,중급
뛰어들다,동사,False,False,4,중급
뛰어오다,동사,False,False,4,중급
뛰어오르다,동사,False,False,5,고급
뜨겁다,형용사,False,False,3,초급
뜨다,동사,False,False,2,중급
뜨다,동사,False,False,2,고급
뜯다,동사,False,False,2,고급
뜰,명사,False,False,1,고급
뜻,명사,False,False,1,중급
뜻대로,부사,False,False,3,고급
뜻밖,명사,False,False,2,고급
뜻밖에,부사,False,False,3,고급
뜻하다,동사,False,False,3,고급
띄다,동사,False,False,2,고급
띄우다,동사,False,False,3,고급
라디오,명사,False,False,3,초급
라면,명사,False,False,2,초급
라운드,명사,False,False,3,고급
라이벌,명사,False,False,3,고급
라이터,명사,False,False,3,중급
라인,명사,False,False,2,고급
라켓,명사,False,False,2,고급
러시아,고유 명사,False,False,3,초급
런던,고유 명사,False,False,2,중급
레몬,명사,False,False,2,중급
레스토랑,명사,False,False,4,중급
레이저,명사,False,False,3,고급
레저,명사,False,False,2,고급
렌즈,명사,False,False,2,중급
로봇,명사,False,False,2,고급
로터리,명사,False,False,3,고급
리,의존명사,True,False,1,고급
리그,명사,False,False,2,고급
리듬,명사,False,False,2,중급
리터,의존명사,False,False,2,고급
마구,부사,False,False,2,중급
마누라,명사,False,False,3,고급
마늘,명사,False,False,2,중급
마당,명사,False,False,2,고급
마디,명사,False,False,2,고급
마땅하다,형용사,False,False,4,고급
마라톤,명사,False,False,3,고급
마련,명사,False,False,2,고급
마련되다,동사,False,False,4,중급
마련하다,동사,False,False,4,중급
마루,명사,False,False,2,중급
마르다,동사,False,False,3,중급
마리,의존명사,False,False,2,초급
마무리,명사,False,False,3,고급
마사지,명사,False,False,3,중급
마시다,동사,False,False,3,초급
마약,명사,True,False,2,고급
마요네즈,명사,False,False,4,고급
마을,명사,False,False,2,중급
마음,명사,False,False,2,초급
마음가짐,명사,False,False,4,고급
마음껏,부사,False,False,3,고급
마음대로,부사,False,False,4,중급
마음먹다,동사,False,False,4,고급
마음속,명사,False,False,3,중급
마음씨,명사,False,False,3,고급
마이크,명사,False,False,3,고급
마주,부사,False,False,2,중급
마주치다,동사,False,False,4,고급
마중,명사,False,False,2,중급
마지막,명사,False,False,3,초급
마찬가지,명사,False,False,4,중급
마찰,명사,True,False,2,고급
마치,부사,False,False,2,중급
마치다,동사,False,False,3,중급
마침,부사,False,False,2,중급
마침내,부사,False,False,3,중급
마크,명사,False,False,2,고급
마흔,수사,False,False,2,초급
막,부사,False,False,1,중급
막걸리,명사,False,False,3,고급
막내,명사,False,False,2,중급
막다,동사,False,False,2,중급
막상,부사,False,False,2,고급
막히다,동사,False,False,3,중급
만,의존명사,False,False,1,고급
만,관형사,True,False,1,초급
만,관형사,True,False,1,중급
만나다,동사,False,False,3,초급
만남,명사,False,False,2,중급
만두,명사,True,False,2,중급
만들다,동사,False,False,3,초급
만들어지다,동사,False,False,5,중급
만만하다,형용사,False,False,4,고급
만세,명사,True,False,2,고급
만약,명사,True,False,2,중급
만일,명사,True,False,2,중급
만점,명사,True,False,2,고급
만족,명사,True,False,2,고급
만족스럽다,형용사,True,False,5,고급
만족하다,동사,True,False,4,중급
만지다,동사,False,False,3,중급
만큼,의존명사,False,False,2,중급
만하다,보조 용언,False,False,3,고급
만화,명사,True,False,2,중급
만화가,명사,True,False,3,고급
많다,형용사,False,False,2,초급
많아지다,동사,False,False,4,중급
많이,부사,False,False,2,초급
말,명사,False,False,1,초급
말,명사,False,False,1,중급
말기,명사,True,False,2,고급
말다,동사,False,False,2,고급
말다,동사,False,False,2,초급
말리다,동사,False,False,3,고급
말씀,명사,False,False,2,초급
말씀드리다,동사,False,False,5,중급
말씀하다,동사,False,False,4,초급
말없이,부사,False,False,3,고급
말투,명사,True,False,2,고급
말하다,동사,False,False,3,초급
맑다,형용사,False,False,2,초급
맘,명사,False,False,1,고급
맘대로,부사,False,False,3,고급
맛,명사,False,False,1,초급
맛보다,동사,False,False,3,고급
맛없다,형용사,False,False,3,초급
맛있다,형용사,False,False,3,초급
망설이다,동사,False,False,4,고급
망원경,명사,True,False,3,고급
망치다,동사,False,False,3,고급
망하다,동사,True,False,3,고급
맞다,동사,False,False,2,중급
맞서다,동사,False,False,3,중급
맞은편,명사,True,False,3,중급
맞이하다,동사,False,False,4,고급
맞추다,동사,False,False,3,중급
맡기다,동사,False,False,3,중급
맡다,동사,False,False,2,중급
맡다,동사,False,False,2,고급
매,명사,False,False,1,고급
매너,명사,False,False,2,고급
매년,부사,True,False,2,중급
매다,동사,False,False,2,중급
매달,부사,True,False,2,고급
매달다,동사,False,False,3,고급
매달리다,동사,False,False,4,고급
매력,명사,True,False,2,중급
매번,부사,True,False,2,고급
매스컴,명사,False,False,3,고급
매우,부사,False,False,2,초급
매일,명사,True,False,2,초급
매장,명사,True,False,2,고급
매주,부사,True,False,2,고급
매체,명사,True,False,2,고급
맥주,명사,True,False,2,초급
맨,관형사,False,False,1,중급
맵다,형용사,False,False,2,초급
맺다,동사,False,False,2,고급
머리,명사,False,False,2,초급
머리말,명사,False,False,3,고급
머리카락,명사,False,False,4,중급
머리칼,명사,False,False,3,고급
머릿속,명사,False,False,3,중급
머무르다,동사,False,False,4,중급
머물다,동사,False,False,3,고급
먹고살다,동사,False,False,4,고급
먹다,동사,False,False,2,고급
먹다,동사,False,False,2,초급
먹이,명사,False,False,2,고급
먹이다,동사,False,False,3,중급
먹히다,동사,False,False,3,중급
먼저,부사,False,False,2,초급
먼지,명사,False,False,2,중급
멀다,형용사,False,False,2,초급
멀리,부사,False,False,2,중급
멀어지다,동사,False,False,4,중급
멈추다,동사,False,False,3,중급
멋,명사,False,False,1,중급
멋있다,형용사,False,False,3,중급
멋지다,형용사,False,False,3,고급
멍멍,부사,False,False,2,고급
멎다,동사,False,False,2,고급
메뉴,명사,False,False,2,초급
메다,동사,False,False,2,중급
메모,명사,False,False,2,중급
메시지,명사,False,False,3,중급
메우다,동사,False,False,3,고급
메일,명사,False,False,2,중급
며느리,명사,False,False,3,중급
며칠,명사,False,False,2,초급
면,명사,True,False,1,고급
면담,명사,True,False,2,고급
면적,명사,True,False,2,고급
면접,명사,True,False,2,고급
면하다,동사,True,False,3,고급
멸치,명사,False,False,2,고급
명,의존명사,True,False,1,초급
명단,명사,True,False,2,고급
명령,명사,True,False,2,중급
명령어,명사,True,False,3,고급
명예,명사,True,False,2,고급
명의,명사,True,False,2,고급
명절,명사,True,False,2,중급
명칭,명사,True,False,2,고급
명함,명사,True,False,2,중급
명확하다,형용사,True,False,4,고급
몇,관형사,False,False,1,초급
몇몇,관형사,False,False,2,중급
몇십,관형사,False,False,2,중급
모,관형사,True,False,1,고급
모금,의존명사,False,False,2,고급
모기,명사,False,False,2,중급
모니터,명사,False,False,3,중급
모델,명사,False,False,2,중급
모두,명사,False,False,2,초급
모든,관형사,False,False,2,초급
모래,명사,False,False,2,중급
모레,명사,False,False,2,중급
모르다,동사,False,False,3,초급
모범,명사,True,False,2,고급
모색하다,동사,True,False,4,고급
모습,명사,False,False,2,중급
모시다,동사,False,False,3,중급
모양,명사,True,False,2,중급
모여들다,동사,False,False,4,고급
모으다,동사,False,False,3,중급
모이다,동사,False,False,3,중급
모임,명사,False,False,2,중급
모자,명사,True,False,2,초급
모자라다,동사,False,False,4,중급
모조리,부사,False,False,3,고급
모집,명사,True,False,2,고급
모집하다,동사,True,False,4,고급
모처럼,부사,False,False,3,고급
모퉁이,명사,False,False,3,고급
목,명사,False,False,1,초급
목걸이,명사,False,False,3,중급
목록,명사,True,False,2,고급
목사,명사,True,False,2,중급
목소리,명사,False,False,3,중급
목숨,명사,False,False,2,고급
목요일,명사,True,False,3,초급
목욕,명사,True,False,2,초급
목욕탕,명사,True,False,3,중급
목적,명사,True,False,2,중급
목표,명사,True,False,2,중급
몰다,동사,False,False,2,중급
몰래,부사,False,False,2,중급
몰려들다,동사,False,False,4,고급
몰려오다,동사,False,False,4,고급
몸,명사,False,False,1,초급
몸매,명사,False,False,2,고급
몸무게,명사,False,False,3,중급
몸살,명사,False,False,2,중급
몸속,명사,False,False,2,고급
몸짓,명사,False,False,2,고급
몸통,명사,False,False,2,고급
몹시,부사,False,False,2,중급
못,명사,False,False,1,고급
못,부사,False,False,1,초급
못되다,형용사,False,False,3,고급
못생기다,형용사,False,False,4,고급
못지않다,형용사,False,False,4,고급
못하다,동사,False,False,3,초급
묘사,명사,True,False,2,고급
묘사하다,동사,True,False,4,고급
무,명사,False,False,1,중급
무,명사,True,False,1,고급
무겁다,형용사,False,False,3,초급
무게,명사,False,False,2,중급
무관심,명사,True,False,3,고급
무관심하다,형용사,True,False,5,고급
무궁화,명사,True,False,3,고급
무기,명사,True,False,2,고급
무너지다,동사,False,False,4,고급
무늬,명사,False,False,2,중급
무대,명사,True,False,2,고급
무더위,명사,False,False,3,중급
무덤,명사,False,False,2,고급
무덥다,형용사,False,False,3,고급
무려,부사,True,False,2,고급
무렵,의존명사,False,False,2,중급
무료,명사,True,False,2,고급
무릎,명사,False,False,2,중급
무리,명사,False,False,2,고급
무리하다,형용사,True,False,4,고급
무사하다,형용사,True,False,4,고급
무섭다,형용사,False,False,3,중급
무슨,관형사,False,False,2,초급
무시하다,동사,True,False,4,중급
무어,대명사,False,False,2,중급
무엇,대명사,False,False,2,초급
무역,명사,True,False,2,중급
무용,명사,True,False,2,중급
무용가,명사,True,False,3,고급
무의미하다,형용사,True,False,5,고급
무조건,부사,True,False,3,중급
무지개,명사,False,False,3,고급
무책임하다,형용사,True,False,5,고급
무척,부사,False,False,2,중급
묵다,동사,False,False,2,고급
묶다,동사,False,False,2,중급
묶이다,동사,False,False,3,고급
문,명사,True,False,1,초급
문구,명사,True,False,2,고급
문득,부사,False,False,2,고급
문밖,명사,True,False,2,고급
문법,명사,True,False,2,고급
문서,명사,True,False,2,고급
문자,명사,True,False,2,고급
문장,명사,True,False,2,중급
문제,명사,True,False,2,초급
문제되다,동사,True,False,4,고급
문제점,명사,True,False,3,중급
문학,명사,True,False,2,중급
문학적,명사,True,False,3,고급
문화,명사,True,False,2,중급
문화재,명사,True,False,3,고급
문화적,명사,True,False,3,고급
묻다,동사,False,False,2,중급
묻다,동사,False,False,2,고급
묻다,동사,False,False,2,초급
묻히다,동사,False,False,3,고급
물,명사,False,False,1,초급
물가,명사,True,False,2,고급
물건,명사,True,False,2,초급
물결,명사,False,False,2,고급
물고기,명사,False,False,3,중급
물기,명사,True,False,2,고급
물다,동사,False,False,2,중급
물러나다,동사,False,False,4,고급
물론,명사,True,False,2,중급
물론,부사,True,False,2,초급
물리학,명사,True,False,3,고급
물속,명사,False,False,2,중급
물어보다,동사,False,False,4,초급
물음,명사,False,False,2,중급
물질,명사,True,False,2,고급
물질적,명사,True,False,3,고급
물체,명사,True,False,2,고급
뭐,감탄사,False,False,1,초급
뭘,감탄사,False,False,1,고급
뭣,대명사,False,False,1,고급
미,명사,True,False,1,고급
미국,고유 명사,True,False,2,초급
미끄러지다,동사,False,False,5,고급
미끄럽다,형용사,False,False,4,고급
미니,명사,False,False,2,고급
미디어,명사,False,False,3,중급
미래,명사,True,False,2,중급
미루다,동사,False,False,3,고급
미리,부사,False,False,2,중급
미만,명사,True,False,2,고급
미사일,명사,False,False,3,고급
미소,명사,True,False,2,중급
미술,명사,True,False,2,중급
미술관,명사,True,False,3,중급
미스,명사,False,False,2,고급
미안하다,형용사,True,False,4,초급
미역,명사,False,False,2,고급
미용실,명사,True,False,3,고급
미움,명사,False,False,2,고급
미워하다,동사,False,False,4,중급
미인,명사,True,False,2,중급
미처,부사,False,False,2,고급
미치다,동사,False,False,3,중급
미터,의존명사,False,False,2,초급
미팅,명사,False,False,2,중급
미혼,명사,True,False,2,고급
민간,명사,True,False,2,고급
민속,명사,True,False,2,고급
민족,명사,True,False,2,중급
민주,명사,True,False,2,고급
민주주의,명사,True,False,4,고급
민주화,명사,True,False,3,고급
믿다,동사,False,False,2,중급
믿어지다,동사,False,False,4,고급
믿음,명사,False,False,2,중급
밀가루,명사,False,False,3,중급
밀다,동사,False,False,2,중급
밀리다,동사,False,False,3,고급
밀리미터,의존명사,False,False,4,중급
밀접하다,형용사,True,False,4,고급
밉다,형용사,False,False,2,중급
및,부사,False,False,1,중급
밑,명사,False,False,1,초급
밑바닥,명사,False,False,3,고급
바,의존명사,False,False,1,고급
바가지,명사,False,False,3,고급
바구니,명사,False,False,3,고급
바깥,명사,False,False,2,중급
바깥쪽,명사,False,False,3,고급
바꾸다,동사,False,False,3,초급
바뀌다,동사,False,False,3,중급
바나나,명사,False,False,3,초급
바늘,명사,False,False,2,중급
바다,명사,False,False,2,초급
바닥,명사,False,False,2,중급
바닷가,명사,False,False,3,중급
바닷물,명사,False,False,3,중급
바라다,동사,False,False,3,중급
바라보다,동사,False,False,4,중급
바람,명사,False,False,2,초급
바람,명사,False,False,2,고급
바람직하다,형용사,False,False,5,고급
바로,부사,False,False,2,초급
바로잡다,동사,False,False,4,고급
바르다,동사,False,False,3,중급
바보,명사,False,False,2,중급
바쁘다,형용사,False,False,3,초급
바싹,부사,False,False,2,고급
바위,명사,False,False,2,중급
바이러스,명사,False,False,4,고급
바이올린,명사,False,False,4,중급
바지,명사,False,False,2,초급
바치다,동사,False,False,3,고급
바퀴,명사,False,False,2,고급
바탕,명사,False,False,2,고급
박,의존명사,True,False,1,고급
박다,동사,False,False,2,고급
박물관,명사,True,False,3,초급
박사,명사,True,False,2,중급
박수,명사,True,False,2,중급
박스,명사,False,False,2,중급
박히다,동사,False,False,3,고급
밖,명사,False,False,1,초급
반,명사,True,False,1,초급
반갑다,형용사,False,False,3,초급
반기다,동사,False,False,3,고급
반대,명사,True,False,2,중급
반대편,명사,True,False,3,고급
반대하다,동사,True,False,4,중급
반드시,부사,False,False,3,중급
반말,명사,True,False,2,고급
반면,명사,True,False,2,고급
반발,명사,True,False,2,고급
반복되다,동사,True,False,4,고급
반복하다,동사,True,False,4,중급
반성,명사,True,False,2,고급
반성하다,동사,True,False,4,고급
반영하다,동사,True,False,4,고급
반응,명사,True,False,2,고급
반장,명사,True,False,2,중급
반죽,명사,False,False,2,고급
반지,명사,True,False,2,중급
반짝거리다,동사,False,False,5,고급
반짝이다,동사,False,False,4,고급
반찬,명사,True,False,2,중급
반하다,동사,True,False,3,중급
받다,동사,False,False,2,초급
받아들이다,동사,False,False,5,중급
받침,명사,False,False,2,중급
발,명사,False,False,1,초급
발가락,명사,False,False,3,중급
발걸음,명사,False,False,3,고급
발견,명사,True,False,2,중급
발견되다,동사,True,False,4,중급
발견하다,동사,True,False,4,중급
발길,명사,False,False,2,고급
발끝,명사,False,False,2,고급
발달,명사,True,False,2,중급
발달되다,동사,True,False,4,고급
발달하다,동사,True,False,4,중급
발등,명사,False,False,2,중급
발레,명사,False,False,2,고급
발목,명사,False,False,2,중급
발바닥,명사,False,False,3,고급
발생,명사,True,False,2,중급
발생하다,동사,True,False,4,중급
발음,명사,True,False,2,초급
발음하다,동사,True,False,4,중급
발자국,명사,False,False,3,고급
발전,명사,True,False,2,중급
발전,명사,True,False,2,고급
발전되다,동사,True,False,4,고급
발전하다,동사,True,False,4,중급
발톱,명사,False,False,2,고급
발표,명사,True,False,2,중급
발표되다,동사,True,False,4,고급
발표하다,동사,True,False,4,중급
발휘하다,동사,True,False,4,고급
밝다,동사,False,False,2,중급
밝다,형용사,False,False,2,초급
밝아지다,동사,False,False,4,고급
밝혀내다,동사,False,False,4,고급
밝혀지다,동사,False,False,4,고급
밝히다,동사,False,False,3,중급
밟다,동사,False,False,2,중급
밤,명사,False,False,1,초급
밤,명사,False,False,1,중급
밤낮,명사,False,False,2,중급
밤늦다,형용사,False,False,3,중급
밤새,명사,False,False,2,고급
밤새다,동사,False,False,3,중급
밤새우다,동사,False,False,4,고급
밤색,명사,True,False,2,고급
밤중,명사,True,False,2,중급
밤하늘,명사,False,False,3,고급
밥,명사,False,False,1,초급
밥그릇,명사,False,False,3,중급
밥맛,명사,False,False,2,중급
밥상,명사,True,False,2,고급
밥솥,명사,False,False,2,중급
방,명사,True,False,1,초급
방금,부사,True,False,2,중급
방면,명사,True,False,2,고급
방문,명사,True,False,2,중급
방문하다,동사,True,False,4,중급
방바닥,명사,True,False,3,고급
방법,명사,True,False,2,중급
방송,명사,True,False,2,중급
방송국,명사,True,False,3,중급
방송사,명사,True,False,3,고급
방송하다,동사,True,False,4,고급
방식,명사,True,False,2,고급
방안,명사,True,False,2,고급
방울,명사,False,False,2,고급
방지,명사,True,False,2,고급
방지하다,동사,True,False,4,고급
방학,명사,True,False,2,초급
방해,명사,True,False,2,고급
방해하다,동사,True,False,4,고급
방향,명사,True,False,2,중급
밭,명사,False,False,1,중급
배,명사,False,False,1,초급
배,명사,True,False,1,고급
배경,명사,True,False,2,중급
배고프다,형용사,False,False,4,초급
배구,명사,True,False,2,중급
배꼽,명사,False,False,2,중급
배다,동사,False,False,2,고급
배달,명사,True,False,2,중급
배드민턴,명사,False,False,4,중급
배부르다,형용사,False,False,4,초급
배우,명사,True,False,2,중급
배우다,동사,False,False,3,초급
배우자,명사,True,False,3,고급
배추,명사,False,False,2,중급
배추김치,명사,False,False,4,고급
배치,명사,True,False,2,고급
백,관형사,True,False,1,초급
백두산,고유 명사,True,False,3,고급
백색,명사,True,False,2,고급
백성,명사,True,False,2,고급
백인,명사,True,False,2,고급
백제,고유 명사,True,False,2,고급
백화점,명사,True,False,3,초급
뱀,명사,False,False,1,중급
뱃사람,명사,False,False,3,고급
뱉다,동사,False,False,2,고급
버려지다,동사,False,False,4,고급
버릇,명사,False,False,2,중급
버리다,동사,False,False,3,중급
버리다,보조 용언,False,False,3,초급
버섯,명사,False,False,2,중급
버스,명사,False,False,2,초급
버터,명사,False,False,2,중급
버튼,명사,False,False,2,중급
버티다,동사,False,False,3,고급
번,의존명사,True,False,1,초급
번개,명사,False,False,2,고급
번거롭다,형용사,False,False,4,고급
번역,명사,True,False,2,중급
번역하다,동사,True,False,4,고급
번지,명사,True,False,2,고급
번째,의존명사,True,False,2,중급
번호,명사,True,False,2,초급
벌,의존명사,False,False,1,고급
벌금,명사,True,False,2,고급
벌다,동사,False,False,2,중급
벌떡,부사,False,False,2,고급
벌레,명사,False,False,2,중급
벌리다,동사,False,False,3,중급
벌써,부사,False,False,2,초급
벌어지다,동사,False,False,4,고급
벌어지다,동사,False,False,4,중급
벌이다,동사,False,False,3,중급
범위,명사,True,False,2,고급
범인,명사,True,False,2,고급
범죄,명사,True,False,2,고급
법,명사,True,False,1,중급
법률,명사,True,False,2,고급
법원,명사,True,False,2,고급
법적,명사,True,False,2,고급
법칙,명사,True,False,2,고급
벗기다,동사,False,False,3,중급
벗다,동사,False,False,2,초급
베개,명사,False,False,2,중급
베다,동사,False,False,2,고급
베이징(북경),고유 명사,True,False,7,중급
벤치,명사,False,False,2,고급
벨트,명사,False,False,2,중급
벼,명사,False,False,1,고급
벽,명사,True,False,1,중급
변경,명사,True,False,2,고급
변동,명사,True,False,2,고급
변명,명사,True,False,2,고급
변신,명사,True,False,2,고급
변하다,동사,True,False,3,중급
변호사,명사,True,False,3,중급
변화,명사,True,False,2,중급
변화되다,동사,True,False,4,고급
변화하다,동사,True,False,4,중급
별,명사,False,False,1,초급
별,관형사,True,False,1,중급
별다르다,형용사,True,False,4,고급
별도,명사,True,False,2,고급
별로,부사,True,False,2,중급
별명,명사,True,False,2,고급
별일,명사,True,False,2,고급
병,명사,True,False,1,초급
병들다,동사,True,False,3,중급
병실,명사,True,False,2,고급
병아리,명사,False,False,3,고급
병원,명사,True,False,2,초급
보고,명사,True,False,2,중급
보고서,명사,True,False,3,중급
보고하다,동사,True,False,4,고급
보관,명사,True,False,2,고급
보관하다,동사,True,False,4,중급
보내다,동사,False,False,3,초급
보내오다,동사,False,False,4,고급
보너스,명사,False,False,3,고급
보다,동사,False,False,2,초급
보도,명사,True,False,2,고급
보도되다,동사,True,False,4,고급
보도하다,동사,True,False,4,고급
보라색,명사,True,False,3,고급
보람,명사,False,False,2,중급
보름,명사,False,False,2,고급
보리,명사,False,False,2,고급
보살피다,동사,False,False,4,고급
보상,명사,True,False,2,고급
보수,명사,True,False,2,고급
보수적,명사,True,False,3,고급
보안,명사,True,False,2,고급
보완하다,동사,True,False,4,고급
보이다,동사,False,False,3,중급
보자기,명사,True,False,3,고급
보장,명사,True,False,2,고급
보장되다,동사,True,False,4,고급
보장하다,동사,True,False,4,고급
보전,명사,True,False,2,고급
보조,명사,True,False,2,고급
보존,명사,True,False,2,고급
보존하다,동사,True,False,4,고급
보충하다,동사,True,False,4,고급
보통,명사,True,False,2,초급
보통,부사,True,False,2,중급
보편적,명사,True,False,3,고급
보험,명사,True,False,2,중급
보호,명사,True,False,2,중급
보호되다,동사,True,False,4,고급
보호하다,동사,True,False,4,고급
복,명사,True,False,1,고급
복도,명사,True,False,2,중급
복사,명사,True,False,2,중급
복사기,명사,True,False,3,고급
복사하다,동사,True,False,4,중급
복숭아,명사,False,False,3,고급
복습,명사,True,False,2,중급
복습하다,동사,True,False,4,중급
복잡하다,형용사,True,False,4,초급
볶다,동사,False,False,2,중급
볶음,명사,False,False,2,고급
볶음밥,명사,False,False,3,중급
본,관형사,True,False,1,고급
본격적,명사,True,False,3,고급
본래,명사,True,False,2,중급
본부,명사,True,False,2,고급
본사,명사,True,False,2,고급
본성,명사,True,False,2,고급
본인,명사,True,False,2,고급
본질,명사,True,False,2,고급
볼,명사,False,False,1,고급
볼링,명사,False,False,2,고급
볼일,명사,False,False,2,중급
볼펜,명사,False,False,2,초급
봄,명사,False,False,1,초급
봉사,명사,True,False,2,고급
봉사하다,동사,True,False,4,고급
봉지,명사,True,False,2,중급
봉투,명사,True,False,2,중급
뵈다,동사,False,False,2,중급
뵙다,동사,False,False,2,중급
부,명사,True,False,1,고급
부,의존명사,True,False,1,중급
부근,명사,True,False,2,중급
부끄러움,명사,False,False,4,중급
부끄럽다,형용사,False,False,4,중급
부담,명사,True,False,2,고급
부담하다,동사,True,False,4,고급
부대,명사,True,False,2,고급
부동산,명사,True,False,3,중급
부드럽다,형용사,False,False,4,중급
부딪치다,동사,False,False,4,중급
부딪히다,동사,False,False,4,고급
부러워하다,동사,False,False,5,중급
부러지다,동사,False,False,4,고급
부럽다,형용사,False,False,3,중급
부르다,동사,False,False,3,초급
부르다,형용사,False,False,3,중급
부모,명사,True,False,2,초급
부모님,명사,True,False,3,초급
부문,명사,True,False,2,고급
부부,명사,True,False,2,초급
부분,명사,True,False,2,중급
부분적,명사,True,False,3,고급
부산,고유 명사,True,False,2,초급
부상,명사,True,False,2,고급
부서,명사,True,False,2,고급
부서지다,동사,False,False,4,고급
부엌,명사,False,False,2,초급
부위,명사,True,False,2,고급
부인,명사,True,False,2,초급
부인,명사,True,False,2,고급
부자,명사,True,False,2,중급
부작용,명사,True,False,3,중급
부잣집,명사,True,False,3,중급
부장,명사,True,False,2,중급
부재,명사,True,False,2,고급
부정,명사,True,False,2,고급
부정적,명사,True,False,3,고급
부정하다,동사,True,False,4,고급
부족,명사,True,False,2,중급
부족하다,형용사,True,False,4,중급
부지런하다,형용사,False,False,5,중급
부지런히,부사,False,False,4,고급
부채,명사,False,False,2,고급
부처,명사,True,False,2,중급
부치다,동사,False,False,3,중급
부친,명사,True,False,2,고급
부탁,명사,True,False,2,중급
부탁하다,동사,True,False,4,중급
부품,명사,True,False,2,고급
부피,명사,False,False,2,고급
부회장,명사,True,False,3,고급
북,명사,True,False,1,중급
북부,명사,True,False,2,고급
북쪽,명사,True,False,2,초급
북한,고유 명사,True,False,2,중급
분,의존명사,False,False,1,초급
분노,명사,True,False,2,고급
분량,명사,True,False,2,고급
분리,명사,True,False,2,고급
분리되다,동사,True,False,4,고급
분리하다,동사,True,False,4,고급
분명,부사,True,False,2,중급
분명하다,형용사,True,False,4,고급
분명해지다,동사,True,False,5,고급
분명히,부사,True,False,3,중급
분석,명사,True,False,2,고급
분석하다,동사,True,False,4,중급
분야,명사,True,False,2,고급
분위기,명사,True,False,3,중급
분주하다,형용사,True,False,4,고급
분포하다,동사,True,False,4,고급
분필,명사,True,False,2,고급
분홍색,명사,True,False,3,고급
불,명사,False,False,1,초급
불가능하다,형용사,True,False,5,중급
불가피하다,형용사,True,False,5,고급
불고기,명사,False,False,3,초급
불과,부사,True,False,2,고급
불과하다,형용사,True,False,4,고급
불교,명사,True,False,2,중급
불구하다,동사,True,False,4,고급
불꽃,명사,False,False,2,중급
불다,동사,False,False,2,초급
불러일으키다,동사,False,False,6,고급
불리다,동사,False,False,3,중급
불리다,동사,False,False,3,고급
불리하다,형용사,True,False,4,고급
불만,명사,True,False,2,중급
불법,명사,True,False,2,고급
불빛,명사,False,False,2,중급
불쌍하다,형용사,False,False,4,중급
불안,명사,True,False,2,중급
불안하다,형용사,True,False,4,중급
불어오다,동사,False,False,4,고급
불완전하다,형용사,True,False,5,고급
불이익,명사,True,False,3,고급
불편,명사,True,False,2,고급
불편하다,형용사,True,False,4,중급
불평,명사,True,False,2,고급
불평등하다,형용사,True,False,5,고급
불필요하다,형용사,True,False,5,고급
불행,명사,True,False,2,고급
불행하다,형용사,True,False,4,중급
불확실하다,형용사,True,False,5,고급
붉다,형용사,False,False,2,중급
붐비다,동사,False,False,3,고급
붓다,동사,False,False,2,고급
붓다,동사,False,False,2,중급
붙다,동사,False,False,2,중급
붙들다,동사,False,False,3,고급
붙이다,동사,False,False,3,중급
붙잡다,동사,False,False,3,고급
붙잡히다,동사,False,False,4,고급
브랜드,명사,False,False,3,고급
블라우스,명사,False,False,4,중급
비,명사,False,False,1,초급
비,명사,True,False,1,고급
비교,명사,True,False,2,중급
비교적,부사,True,False,3,중급
비교하다,동사,True,False,4,중급
비극,명사,True,False,2,고급
비기다,동사,False,False,3,고급
비난,명사,True,False,2,고급
비누,명사,False,False,2,초급
비닐,명사,False,False,2,중급
비닐봉지,명사,True,False,4,중급
비다,동사,False,False,2,고급
비둘기,명사,False,False,3,고급
비디오,명사,False,False,3,초급
비로소,부사,False,False,3,고급
비롯되다,동사,False,False,4,고급
비롯하다,동사,False,False,4,고급
비만,명사,True,False,2,고급
비명,명사,True,False,2,고급
비밀,명사,True,False,2,중급
비바람,명사,False,False,3,고급
비비다,동사,False,False,3,고급
비빔밥,명사,False,False,3,초급
비상,명사,True,False,2,고급
비서,명사,True,False,2,중급
비슷하다,형용사,False,False,4,초급
비싸다,형용사,False,False,3,초급
비용,명사,True,False,2,중급
비우다,동사,False,False,3,고급
비웃다,동사,False,False,3,고급
비율,명사,True,False,2,고급
비중,명사,True,False,2,고급
비추다,동사,False,False,3,고급
비치다,동사,False,False,3,고급
비키다,동사,False,False,3,중급
비타민,명사,False,False,3,중급
비판,명사,True,False,2,고급
비판적,명사,True,False,3,고급
비판하다,동사,True,False,4,중급
비하다,동사,True,False,3,고급
비행,명사,True,False,2,고급
비행기,명사,True,False,3,초급
비행장,명사,True,False,3,고급
빌다,동사,False,False,2,중급
빌딩,명사,False,False,2,중급
빌리다,동사,False,False,3,중급
빗,명사,False,False,1,중급
빗물,명사,False,False,2,중급
빗방울,명사,False,False,3,고급
빗줄기,명사,False,False,3,고급
빚,명사,False,False,1,고급
빛,명사,False,False,1,중급
빛깔,명사,False,False,2,고급
빛나다,동사,False,False,3,고급
빠뜨리다,동사,False,False,4,고급
빠르다,형용사,False,False,3,초급
빠져나가다,동사,False,False,5,고급
빠져나오다,동사,False,False,5,고급
빠지다,동사,False,False,3,중급
빨간색,명사,True,False,3,초급
빨갛다,형용사,False,False,3,중급
빨다,동사,False,False,2,고급
빨다,동사,False,False,2,중급
빨래,명사,False,False,2,중급
빨리,부사,False,False,2,초급
빵,명사,False,False,1,초급
빼놓다,동사,False,False,3,고급
빼다,동사,False,False,2,중급
빼앗기다,동사,False,False,4,고급
빼앗다,동사,False,False,3,고급
뺏다,동사,False,False,2,고급
뺨,명사,False,False,1,중급
뻔하다,보조 용언,False,False,3,고급
뻗다,동사,False,False,2,중급
뼈,명사,False,False,1,중급
뽑다,동사,False,False,2,중급
뽑히다,동사,False,False,3,고급
뿌리,명사,False,False,2,중급
뿌리다,동사,False,False,3,중급
뿌리치다,동사,False,False,4,고급
뿐,의존명사,False,False,1,중급
사,수사,True,False,1,초급
사건,명사,True,False,2,고급
사계절,명사,True,False,3,중급
사고,명사,True,False,2,중급
사고,명사,True,False,2,고급
사과,명사,True,False,2,초급
사과,명사,True,False,2,고급
사과하다,동사,True,False,4,중급
사귀다,동사,False,False,3,고급
사기,명사,True,False,2,고급
사나이,명사,False,False,3,고급
사냥,명사,False,False,2,고급
사다,동사,False,False,2,초급
사들이다,동사,False,False,4,고급
사라지다,동사,False,False,4,중급
사람,명사,False,False,2,초급
사랑,명사,False,False,2,초급
사랑스럽다,형용사,False,False,5,중급
사랑하다,동사,False,False,4,초급
사례,명사,True,False,2,고급
사립,명사,True,False,2,고급
사망,명사,True,False,2,고급
사망하다,동사,True,False,4,고급
사모님,명사,True,False,3,중급
사무,명사,True,False,2,중급
사무소,명사,True,False,3,고급
사무실,명사,True,False,3,초급
사무직,명사,True,False,3,고급
사물,명사,True,False,2,중급
사방,명사,True,False,2,고급
사상,명사,True,False,2,고급
사생활,명사,True,False,3,고급
사설,명사,True,False,2,고급
사소하다,형용사,True,False,4,고급
사슴,명사,False,False,2,고급
사실,명사,True,False,2,중급
사실상,부사,True,False,3,고급
사십,수사,True,False,2,초급
사업,명사,True,False,2,중급
사업가,명사,True,False,3,고급
사업자,명사,True,False,3,고급
사용,명사,True,False,2,중급
사용되다,동사,True,False,4,중급
사용자,명사,True,False,3,중급
사용하다,동사,True,False,4,초급
사원,명사,True,False,2,중급
사월,명사,True,False,2,초급
사위,명사,False,False,2,중급
사이,명사,False,False,2,초급
사이사이,명사,False,False,4,고급
사이좋다,형용사,False,False,4,중급
사자,명사,True,False,2,중급
사장,명사,True,False,2,초급
사전,명사,True,False,2,고급
사전,명사,True,False,2,초급
사정,명사,True,False,2,고급
사진,명사,True,False,2,초급
사진기,명사,True,False,3,중급
사촌,명사,True,False,2,중급
사춘기,명사,True,False,3,고급
사탕,명사,True,False,2,초급
사투리,명사,False,False,3,고급
사표,명사,True,False,2,고급
사회,명사,True,False,2,중급
사회생활,명사,True,False,4,고급
사회자,명사,True,False,3,고급
사회적,명사,True,False,3,중급
사회주의,명사,True,False,4,고급
사회학,명사,True,False,3,고급
사흘,명사,False,False,2,중급
산,명사,True,False,1,초급
산길,명사,True,False,2,고급
산부인과,명사,True,False,4,고급
산소,명사,True,False,2,중급
산속,명사,True,False,2,중급
산업,명사,True,False,2,고급
산책,명사,True,False,2,초급
살,명사,False,False,1,중급
살,의존명사,False,False,1,초급
살다,동사,False,False,2,초급
살리다,동사,False,False,3,중급
살림,명사,False,False,2,고급
살아가다,동사,False,False,4,고급
살아나다,동사,False,False,4,고급
살아남다,동사,False,False,4,고급
살아오다,동사,False,False,4,고급
살인,명사,True,False,2,고급
살짝,부사,False,False,2,중급
살펴보다,동사,False,False,4,중급
살피다,동사,False,False,3,고급
삶,명사,False,False,1,고급
삶다,동사,False,False,2,중급
삼,수사,True,False,1,초급
삼가다,동사,False,False,3,고급
삼계탕,명사,True,False,3,고급
삼국,명사,True,False,2,고급
삼다,동사,False,False,2,고급
삼십,수사,True,False,2,초급
삼월,명사,True,False,2,초급
삼촌,명사,True,False,2,중급
삼키다,동사,False,False,3,고급
상,명사,True,False,1,고급
상,명사,True,False,1,중급
상관,명사,True,False,2,고급
상관없다,형용사,True,False,4,고급
상관없이,부사,True,False,4,고급
상금,명사,True,False,2,고급
상담,명사,True,False,2,고급
상당,명사,True,False,2,고급
상당수,명사,True,False,3,고급
상당하다,형용사,True,False,4,고급
상당히,부사,True,False,3,고급
상대,명사,True,False,2,중급
상대방,명사,True,False,3,중급
상대성,명사,True,False,3,고급
상대적,명사,True,False,3,고급
상대편,명사,True,False,3,고급
상류,명사,True,False,2,고급
상반기,명사,True,False,3,고급
상상,명사,True,False,2,중급
상상력,명사,True,False,3,고급
상상하다,동사,True,False,4,중급
상식,명사,True,False,2,고급
상업,명사,True,False,2,고급
상인,명사,True,False,2,고급
상자,명사,True,False,2,중급
상점,명사,True,False,2,고급
상징적,명사,True,False,3,고급
상징하다,동사,True,False,4,고급
상처,명사,True,False,2,중급
상추,명사,False,False,2,중급
상쾌하다,형용사,True,False,4,고급
상태,명사,True,False,2,고급
상표,명사,True,False,2,고급
상품,명사,True,False,2,중급
상하다,동사,True,False,3,중급
상황,명사,True,False,2,고급
새,명사,False,False,1,고급
새,명사,False,False,1,초급
새기다,동사,False,False,3,고급
새끼,명사,False,False,2,중급
새다,동사,False,False,2,고급
새로,부사,False,False,2,중급
새로이,부사,False,False,3,고급
새롭다,형용사,False,False,3,고급
새벽,명사,False,False,2,중급
새소리,명사,False,False,3,중급
새우,명사,False,False,2,중급
새우다,동사,False,False,3,고급
새해,명사,False,False,2,중급
색,명사,True,False,1,초급
색깔,명사,True,False,2,초급
색다르다,형용사,True,False,4,고급
색연필,명사,True,False,3,고급
샌드위치,명사,False,False,4,초급
생,명사,True,False,1,고급
생각,명사,False,False,2,초급
생각나다,동사,False,False,4,중급
생각되다,동사,False,False,4,중급
생각하다,동사,False,False,4,초급
생겨나다,동사,False,False,4,중급
생기,명사,True,False,2,고급
생기다,동사,False,False,3,초급
생명,명사,True,False,2,고급
생물,명사,True,False,2,고급
생방송,명사,True,False,3,고급
생산,명사,True,False,2,고급
생산되다,동사,True,False,4,고급
생산력,명사,True,False,3,고급
생산자,명사,True,False,3,고급
생산하다,동사,True,False,4,고급
생선,명사,True,False,2,초급
생신,명사,True,False,2,중급
생일,명사,True,False,2,초급
생활,명사,True,False,2,초급
생활비,명사,True,False,3,고급
생활수준,명사,True,False,4,고급
생활용품,명사,True,False,4,고급
생활하다,동사,True,False,4,중급
생활환경,명사,True,False,4,중급
샤워,명사,False,False,2,초급
서구,명사,True,False,2,고급
서너,관형사,False,False,2,중급
서늘하다,형용사,False,False,4,고급
서다,동사,False,False,2,초급
서두르다,동사,False,False,4,중급
서랍,명사,False,False,2,중급
서로,명사,False,False,2,중급
서로,부사,False,False,2,초급
서류,명사,True,False,2,중급
서른,수사,False,False,2,초급
서명,명사,True,False,2,고급
서명하다,동사,True,False,4,고급
서민,명사,True,False,2,고급
서부,명사,True,False,2,고급
서비스,명사,False,False,3,중급
서서히,부사,True,False,3,고급
서양,명사,True,False,2,중급
서양인,명사,True,False,3,고급
서울,고유 명사,False,False,2,초급
서울역,고유 명사,True,False,3,초급
서적,명사,True,False,2,고급
서점,명사,True,False,2,초급
서쪽,명사,True,False,2,초급
서클,명사,False,False,2,고급
서투르다,형용사,False,False,4,중급
서툴다,형용사,False,False,3,고급
석,관형사,False,False,1,고급
석사,명사,True,False,2,고급
석유,명사,True,False,2,중급
섞다,동사,False,False,2,중급
섞이다,동사,False,False,3,중급
선,명사,True,False,1,고급
선거,명사,True,False,2,고급
선명하다,형용사,True,False,4,고급
선물,명사,True,False,2,초급
선물하다,동사,True,False,4,초급
선배,명사,True,False,2,중급
선생,명사,True,False,2,초급
선생님,명사,True,False,3,초급
선수,명사,True,False,2,중급
선언하다,동사,True,False,4,고급
선원,명사,True,False,2,고급
선장,명사,True,False,2,고급
선전,명사,True,False,2,고급
선정하다,동사,True,False,4,고급
선진,명사,True,False,2,고급
선진국,명사,True,False,3,고급
선택,명사,True,False,2,중급
선택하다,동사,True,False,4,중급
선풍기,명사,True,False,3,중급
선호하다,동사,True,False,4,고급
설거지,명사,False,False,3,중급
설날,명사,False,False,2,중급
설득하다,동사,True,False,4,고급
설렁탕,명사,True,False,3,중급
설립하다,동사,True,False,4,고급
설명,명사,True,False,2,초급
설명되다,동사,True,False,4,고급
설명하다,동사,True,False,4,초급
설문,명사,True,False,2,고급
설사,부사,True,False,2,고급
설악산,고유 명사,True,False,3,초급
설치,명사,True,False,2,고급
설치되다,동사,True,False,4,고급
설치하다,동사,True,False,4,고급
설탕,명사,True,False,2,초급
섬,명사,False,False,1,중급
섭섭하다,형용사,False,False,4,고급
섭씨,명사,True,False,2,중급
성,명사,True,False,1,중급
성,명사,True,False,1,고급
성격,명사,True,False,2,중급
성경,명사,True,False,2,고급
성공,명사,True,False,2,중급
성공적,명사,True,False,3,고급
성공하다,동사,True,False,4,중급
성당,명사,True,False,2,고급
성립되다,동사,True,False,4,고급
성립하다,동사,True,False,4,고급
성명,명사,True,False,2,고급
성별,명사,True,False,2,중급
성숙하다,동사,True,False,4,고급
성실하다,형용사,True,False,4,고급
성인,명사,True,False,2,중급
성장,명사,True,False,2,고급
성장하다,동사,True,False,4,고급
성적,명사,True,False,2,고급
성적,명사,True,False,2,중급
성질,명사,True,False,2,고급
성함,명사,True,False,2,중급
세,관형사,False,False,1,초급
세,의존명사,True,False,1,고급
세계,명사,True,False,2,중급
세계관,명사,True,False,3,고급
세계적,명사,True,False,3,중급
세금,명사,True,False,2,중급
세기,명사,True,False,2,중급
세다,동사,False,False,2,고급
세다,형용사,False,False,2,중급
세대,명사,True,False,2,고급
세련되다,형용사,True,False,4,고급
세로,명사,False,False,2,중급
세미나,명사,False,False,3,고급
세상,명사,True,False,2,중급
세상에,감탄사,True,False,3,고급
세수,명사,True,False,2,초급
세우다,동사,False,False,3,중급
세워지다,동사,False,False,4,중급
세월,명사,True,False,2,고급
세제,명사,True,False,2,고급
세종대왕,고유 명사,True,False,4,고급
세탁,명사,True,False,2,중급
세탁기,명사,True,False,3,초급
세탁소,명사,True,False,3,중급
세트,명사,False,False,2,고급
섹시하다,형용사,False,False,4,고급
센터,명사,False,False,2,중급
센티미터,의존명사,False,False,4,초급
셈,의존명사,False,False,1,고급
셋,수사,False,False,1,초급
셋째,관형사,False,False,2,초급
소,명사,False,False,1,중급
소개,명사,True,False,2,중급
소개되다,동사,True,False,4,중급
소개하다,동사,True,False,4,초급
소규모,명사,True,False,3,고급
소극적,명사,True,False,3,고급
소금,명사,False,False,2,초급
소나기,명사,False,False,3,중급
소나무,명사,False,False,3,중급
소녀,명사,True,False,2,중급
소년,명사,True,False,2,중급
소득,명사,True,False,2,고급
소리,명사,False,False,2,중급
소리치다,동사,False,False,4,중급
소망,명사,True,False,2,고급
소매,명사,False,False,2,고급
소문,명사,True,False,2,중급
소문나다,동사,True,False,4,중급
소박하다,형용사,True,False,4,고급
소비,명사,True,False,2,고급
소비자,명사,True,False,3,중급
소비하다,동사,True,False,4,고급
소설,명사,True,False,2,중급
소설가,명사,True,False,3,중급
소속,명사,True,False,2,고급
소수,명사,True,False,2,고급
소스,명사,False,False,2,중급
소시지,명사,False,False,3,중급
소식,명사,True,False,2,중급
소아과,명사,True,False,3,고급
소요되다,동사,True,False,4,고급
소용,명사,True,False,2,고급
소용없다,형용사,True,False,4,중급
소원,명사,True,False,2,고급
소위,부사,True,False,2,고급
소유,명사,True,False,2,고급
소유자,명사,True,False,3,고급
소유하다,동사,True,False,4,고급
소음,명사,True,False,2,고급
소재,명사,True,False,2,고급
소주,명사,True,False,2,중급
소중하다,형용사,True,False,4,고급
소중히,부사,True,False,3,고급
소지품,명사,True,False,3,고급
소질,명사,True,False,2,고급
소파,명사,False,False,2,초급
소포,명사,True,False,2,중급
소풍,명사,True,False,2,초급
소프트웨어,명사,False,False,5,고급
소형,명사,True,False,2,고급
소홀히,부사,True,False,3,고급
소화,명사,True,False,2,고급
소화하다,동사,True,False,4,고급
속,명사,False,False,1,초급
속담,명사,True,False,2,고급
속도,명사,True,False,2,중급
속마음,명사,False,False,3,고급
속삭이다,동사,False,False,4,고급
속상하다,형용사,True,False,4,고급
속옷,명사,False,False,2,중급
속이다,동사,False,False,3,고급
속하다,동사,True,False,3,중급
손,명사,False,False,1,초급
손가락,명사,False,False,3,초급
손길,명사,False,False,2,고급
손녀,명사,True,False,2,중급
손님,명사,False,False,2,초급
손등,명사,False,False,2,고급
손목,명사,False,False,2,중급
손바닥,명사,False,False,3,중급
손발,명사,False,False,2,중급
손뼉,명사,False,False,2,중급
손수,부사,False,False,2,고급
손수건,명사,True,False,3,중급
손쉽다,형용사,False,False,3,고급
손실,명사,True,False,2,고급
손자,명사,True,False,2,중급
손잡다,동사,False,False,3,고급
손잡이,명사,False,False,3,중급
손질,명사,False,False,2,고급
손질하다,동사,False,False,4,고급
손톱,명사,False,False,2,중급
손해,명사,True,False,2,고급
솔직하다,형용사,True,False,4,중급
솔직히,부사,True,False,3,중급
솜,명사,False,False,1,고급
솜씨,명사,False,False,2,고급
솟다,동사,False,False,2,고급
송아지,명사,False,False,3,중급
송이,명사,False,False,2,중급
송편,명사,True,False,2,중급
쇠,명사,False,False,1,고급
쇠고기,명사,False,False,3,초급
쇼,명사,False,False,1,중급
쇼핑,명사,False,False,2,초급
수,명사,False,False,1,고급
수,의존명사,False,False,1,초급
수건,명사,True,False,2,초급
수고,명사,False,False,2,고급
수고하다,동사,False,False,4,중급
수년,명사,True,False,2,중급
수단,명사,True,False,2,고급
수도,명사,True,False,2,고급
수도권,명사,True,False,3,고급
수도꼭지,명사,True,False,4,고급
수돗물,명사,True,False,3,중급
수동적,명사,True,False,3,고급
수리하다,동사,True,False,4,고급
수만,관형사,True,False,2,고급
수많다,형용사,True,False,3,중급
수면,명사,True,False,2,고급
수명,명사,True,False,2,고급
수박,명사,False,False,2,초급
수백,관형사,True,False,2,고급
수상,명사,True,False,2,중급
수석,명사,True,False,2,고급
수술,명사,True,False,2,중급
수시로,부사,True,False,3,고급
수십,관형사,True,False,2,고급
수업,명사,True,False,2,고급
수업,명사,True,False,2,초급
수없이,부사,True,False,3,고급
수염,명사,True,False,2,중급
수영,명사,True,False,2,초급
수영장,명사,True,False,3,초급
수요,명사,True,False,2,고급
수요일,명사,True,False,3,초급
수입,명사,True,False,2,중급
수입되다,동사,True,False,4,고급
수입품,명사,True,False,3,고급
수입하다,동사,True,False,4,중급
수저,명사,False,False,2,고급
수준,명사,True,False,2,고급
수집,명사,True,False,2,고급
수집하다,동사,True,False,4,고급
수천,관형사,True,False,2,고급
수출,명사,True,False,2,중급
수출하다,동사,True,False,4,중급
수컷,명사,False,False,2,고급
수표,명사,True,False,2,중급
수필,명사,True,False,2,고급
수학,명사,True,False,2,중급
수행하다,동사,True,False,4,고급
수험생,명사,True,False,3,고급
수화기,명사,True,False,3,중급
숙녀,명사,True,False,2,고급
숙소,명사,True,False,2,중급
숙이다,동사,False,False,3,중급
숙제,명사,True,False,2,초급
순간,명사,True,False,2,중급
순간적,명사,True,False,3,고급
순서,명사,True,False,2,중급
순수,명사,True,False,2,고급
순수하다,형용사,True,False,4,중급
순식간,명사,True,False,3,고급
순위,명사,True,False,2,고급
순진하다,형용사,True,False,4,고급
순하다,형용사,True,False,3,고급
숟가락,명사,False,False,3,초급
술,명사,False,False,1,초급
술병,명사,True,False,2,중급
술자리,명사,False,False,3,중급
술잔,명사,True,False,2,중급
술집,명사,False,False,2,중급
숨,명사,False,False,1,중급
숨기다,동사,False,False,3,고급
숨다,동사,False,False,2,중급
숨지다,동사,False,False,3,고급
숫자,명사,True,False,2,중급
숲,명사,False,False,1,중급
쉬다,동사,False,False,2,초급
쉬다,동사,False,False,2,중급
쉰,수사,False,False,1,초급
쉽다,형용사,False,False,2,초급
슈퍼마켓,명사,False,False,4,초급
스님,명사,False,False,2,중급
스무,관형사,False,False,2,초급
스물,수사,False,False,2,초급
스스로,명사,False,False,3,중급
스승,명사,False,False,2,고급
스웨터,명사,False,False,3,중급
스위치,명사,False,False,3,고급
스치다,동사,False,False,3,고급
스케이트,명사,False,False,4,중급
스케줄,명사,False,False,3,중급
스키,명사,False,False,2,초급
스키장,명사,True,False,3,중급
스타,명사,False,False,2,중급
스타일,명사,False,False,3,중급
스튜디오,명사,False,False,4,고급
스트레스,명사,False,False,4,초급
스포츠,명사,False,False,3,초급
슬그머니,부사,False,False,4,고급
슬쩍,부사,False,False,2,고급
슬퍼하다,동사,False,False,4,중급
슬프다,형용사,False,False,3,초급
슬픔,명사,False,False,2,중급
습관,명사,True,False,2,중급
습기,명사,True,False,2,고급
승객,명사,True,False,2,고급
승리,명사,True,False,2,고급
승리하다,동사,True,False,4,고급
승부,명사,True,False,2,고급
승용차,명사,True,False,3,중급
승진,명사,True,False,2,고급
시,명사,True,False,1,초급
시,명사,True,False,1,고급
시각,명사,True,False,2,고급
시간,명사,True,False,2,초급
시계,명사,True,False,2,초급
시골,명사,False,False,2,중급
시금치,명사,False,False,3,고급
시기,명사,True,False,2,고급
시끄럽다,형용사,False,False,4,중급
시나리오,명사,False,False,4,고급
시내,명사,True,False,2,중급
시내버스,명사,True,False,4,중급
시대,명사,True,False,2,중급
시대적,명사,True,False,3,고급
시댁,명사,True,False,2,고급
시도,명사,True,False,2,고급
시도하다,동사,True,False,4,중급
시들다,동사,False,False,3,고급
시디,명사,False,False,2,고급
시디롬,명사,False,False,3,고급
시리즈,명사,False,False,3,중급
시멘트,명사,False,False,3,고급
시민,명사,True,False,2,중급
시부모,명사,True,False,3,중급
시선,명사,True,False,2,고급
시설,명사,True,False,2,중급
시스템,명사,False,False,3,고급
시아버지,명사,True,False,4,중급
시야,명사,True,False,2,고급
시어머니,명사,True,False,4,중급
시외,명사,True,False,2,중급
시외버스,명사,True,False,4,고급
시원하다,형용사,False,False,4,초급
시월,명사,True,False,2,초급
시위,명사,True,False,2,고급
시인,명사,True,False,2,중급
시일,명사,True,False,2,고급
시작,명사,True,False,2,초급
시작되다,동사,True,False,4,초급
시작하다,동사,True,False,4,초급
시장,명사,True,False,2,고급
시장,명사,True,False,2,초급
시절,명사,True,False,2,중급
시점,명사,True,False,2,고급
시중,명사,True,False,2,고급
시즌,명사,False,False,2,고급
시집,명사,True,False,2,중급
시집,명사,True,False,2,고급
시집가다,동사,True,False,4,고급
시청,명사,True,False,2,중급
시청률,명사,True,False,3,고급
시청자,명사,True,False,3,중급
시키다,동사,False,False,3,중급
시합,명사,True,False,2,고급
시험,명사,True,False,2,초급
식,의존명사,True,False,1,중급
식구,명사,True,False,2,중급
식기,명사,True,False,2,고급
식다,동사,False,False,2,중급
식당,명사,True,False,2,초급
식량,명사,True,False,2,고급
식료품,명사,True,False,3,고급
식물,명사,True,False,2,중급
식빵,명사,True,False,2,중급
식사,명사,True,False,2,초급
식사하다,동사,True,False,4,초급
식생활,명사,True,False,3,고급
식욕,명사,True,False,2,고급
식용유,명사,True,False,3,중급
식초,명사,True,False,2,중급
식탁,명사,True,False,2,초급
식품,명사,True,False,2,중급
식품점,명사,True,False,3,고급
식히다,동사,False,False,3,고급
신,명사,False,False,1,중급
신,명사,True,False,1,고급
신경,명사,True,False,2,고급
신고,명사,True,False,2,중급
신고하다,동사,True,False,4,고급
신규,명사,True,False,2,고급
신기하다,형용사,True,False,4,고급
신념,명사,True,False,2,고급
신다,동사,False,False,2,초급
신라,고유 명사,True,False,2,고급
신랑,명사,True,False,2,중급
신문,명사,True,False,2,초급
신문사,명사,True,False,3,중급
신문지,명사,True,False,3,중급
신발,명사,False,False,2,초급
신부,명사,True,False,2,고급
신부,명사,True,False,2,중급
신분,명사,True,False,2,고급
신비,명사,True,False,2,고급
신사,명사,True,False,2,고급
신선하다,형용사,True,False,4,중급
신설,명사,True,False,2,고급
신세,명사,False,False,2,고급
신세대,명사,True,False,3,고급
신속하다,형용사,True,False,4,고급
신용,명사,True,False,2,중급
신인,명사,True,False,2,고급
신입생,명사,True,False,3,중급
신제품,명사,True,False,3,고급
신중하다,형용사,True,False,4,고급
신청,명사,True,False,2,중급
신청서,명사,True,False,3,고급
신청하다,동사,True,False,4,고급
신체,명사,True,False,2,중급
신체적,명사,True,False,3,고급
신호,명사,True,False,2,중급
신호등,명사,True,False,3,중급
신혼부부,명사,True,False,4,중급
신혼여행,명사,True,False,4,중급
신화,명사,True,False,2,고급
싣다,동사,False,False,2,중급
실,명사,False,False,1,고급
실감,명사,True,False,2,고급
실내,명사,True,False,2,중급
실력,명사,True,False,2,중급
실례,명사,True,False,2,초급
실례하다,동사,True,False,4,초급
실로,부사,True,False,2,고급
실리다,동사,False,False,3,고급
실망,명사,True,False,2,고급
실망하다,동사,True,False,4,고급
실수,명사,True,False,2,중급
실수하다,동사,True,False,4,중급
실습,명사,True,False,2,고급
실시,명사,True,False,2,고급
실시되다,동사,True,False,4,고급
실시하다,동사,True,False,4,고급
실은,부사,True,False,2,고급
실장,명사,True,False,2,고급
실정,명사,True,False,2,고급
실제,명사,True,False,2,중급
실제,부사,True,False,2,고급
실제로,부사,True,False,3,고급
실질적,명사,True,False,3,고급
실천,명사,True,False,2,고급
실천하다,동사,True,False,4,고급
실체,명사,True,False,2,고급
실컷,부사,False,False,2,고급
실태,명사,True,False,2,고급
실패,명사,True,False,2,중급
실패하다,동사,True,False,4,중급
실험,명사,True,False,2,고급
실현,명사,True,False,2,고급
실현되다,동사,True,False,4,고급
실현하다,동사,True,False,4,고급
싫다,형용사,False,False,2,초급
싫어지다,동사,False,False,4,중급
싫어하다,동사,False,False,4,초급
심각하다,형용사,True,False,4,중급
심각해지다,동사,True,False,5,고급
심다,동사,False,False,2,중급
심리,명사,True,False,2,중급
심리적,명사,True,False,3,고급
심부름,명사,False,False,3,중급
심사,명사,True,False,2,고급
심심하다,형용사,False,False,4,고급
심장,명사,True,False,2,고급
심정,명사,True,False,2,고급
심판,명사,True,False,2,고급
심하다,형용사,True,False,3,중급
심해지다,동사,True,False,4,중급
십,수사,True,False,1,초급
십이월,명사,True,False,3,초급
십일월,명사,True,False,3,초급
싱겁다,형용사,False,False,3,중급
싱싱하다,형용사,False,False,4,고급
싶다,보조 용언,False,False,2,초급
싶어지다,보조 용언,False,False,4,고급
싸구려,명사,False,False,3,고급
싸다,동사,False,False,2,중급
싸다,형용사,False,False,2,초급
싸우다,동사,False,False,3,초급
싸움,명사,False,False,2,중급
싹,부사,False,False,1,고급
싼값,명사,False,False,2,고급
쌀,명사,False,False,1,중급
쌍,명사,True,False,1,고급
쌍둥이,명사,True,False,3,고급
쌓다,동사,False,False,2,중급
쌓이다,동사,False,False,3,중급
썩,부사,False,False,1,고급
썩다,동사,False,False,2,중급
썰다,동사,False,False,2,중급
썰렁하다,형용사,False,False,4,고급
쏘다,동사,False,False,2,중급
쏟다,동사,False,False,2,중급
쏟아지다,동사,False,False,4,중급
쓰다,동사,False,False,2,초급
쓰다,형용사,False,False,2,중급
쓰다듬다,동사,False,False,4,고급
쓰러지다,동사,False,False,4,고급
쓰레기,명사,False,False,3,초급
쓰레기통,명사,True,False,4,중급
쓰이다,동사,False,False,3,중급
쓰이다,동사,False,False,3,고급
쓴맛,명사,False,False,2,고급
쓸다,동사,False,False,2,고급
쓸데없다,형용사,False,False,4,고급
쓸데없이,부사,False,False,4,고급
쓸쓸하다,형용사,False,False,4,고급
씌우다,동사,False,False,3,고급
씨,명사,False,False,1,중급
씨,의존명사,True,False,1,초급
씨름,명사,False,False,2,중급
씨앗,명사,False,False,2,고급
씩씩하다,형용사,False,False,4,중급
씹다,동사,False,False,2,중급
씻기다,동사,False,False,3,고급
씻다,동사,False,False,2,초급
아,감탄사,False,False,1,초급
아가씨,명사,False,False,3,중급
아기,명사,False,False,2,초급
아까,명사,False,False,2,중급
아깝다,형용사,False,False,3,고급
아끼다,동사,False,False,3,고급
아나운서,명사,False,False,4,중급
아내,명사,False,False,2,초급
아냐,감탄사,False,False,2,고급
아뇨,감탄사,False,False,2,중급
아니,부사,False,False,2,초급
아니,감탄사,False,False,2,중급
아니다,형용사,False,False,3,초급
아니야,감탄사,False,False,3,중급
아니요,감탄사,False,False,3,초급
아니하다,보조 용언,False,False,4,고급
아드님,명사,False,False,3,고급
아들,명사,False,False,2,초급
아래,명사,False,False,2,초급
아래쪽,명사,False,False,3,중급
아래층,명사,True,False,3,중급
아랫사람,명사,False,False,4,고급
아르바이트,명사,False,False,5,고급
아름답다,형용사,False,False,4,초급
아마,부사,False,False,2,초급
아마도,부사,False,False,3,중급
아무,관형사,False,False,2,초급
아무개,대명사,False,False,3,고급
아무것,명사,False,False,3,중급
아무래도,부사,False,False,4,중급
아무런,관형사,False,False,3,고급
아무렇다,형용사,False,False,4,중급
아무리,부사,False,False,3,중급
아무튼,부사,False,False,3,중급
아버님,명사,False,False,3,중급
아버지,명사,False,False,3,초급
아빠,명사,False,False,2,초급
아쉬움,명사,False,False,3,고급
아쉽다,형용사,False,False,3,고급
아스팔트,명사,False,False,4,고급
아시아,고유 명사,False,False,3,중급
아아,감탄사,False,False,2,중급
아예,부사,False,False,2,고급
아울러,부사,False,False,3,고급
아유,감탄사,False,False,2,고급
아이,명사,False,False,2,초급
아이,감탄사,False,False,2,중급
아이고,감탄사,False,False,3,중급
아이디어,명사,False,False,4,고급
아이스크림,명사,False,False,5,초급
아저씨,명사,False,False,3,초급
아주,부사,False,False,2,초급
아주머니,명사,False,False,4,초급
아줌마,명사,False,False,3,초급
아직,부사,False,False,2,초급
아침,명사,False,False,2,초급
아파트,명사,False,False,3,초급
아프다,형용사,False,False,3,초급
아프리카,고유 명사,False,False,4,중급
아픔,명사,False,False,2,중급
아하,감탄사,False,False,2,고급
아홉,수사,False,False,2,초급
아흔,수사,False,False,2,초급
악기,명사,True,False,2,중급
악몽,명사,True,False,2,고급
악수,명사,True,False,2,중급
안,명사,False,False,1,초급
안,명사,True,False,1,고급
안개,명사,False,False,2,고급
안경,명사,True,False,2,초급
안과,명사,True,False,2,고급
안기다,동사,False,False,3,고급
안내,명사,True,False,2,고급
안내하다,동사,True,False,4,중급
안녕,감탄사,True,False,2,초급
안녕하다,형용사,True,False,4,초급
안녕히,부사,True,False,3,초급
안다,동사,False,False,2,초급
안동,고유 명사,True,False,2,고급
안되다,동사,False,False,3,초급
안되다,형용사,False,False,3,중급
안방,명사,True,False,2,중급
안부,명사,True,False,2,고급
안심하다,동사,True,False,4,고급
안전,명사,True,False,2,중급
안전하다,형용사,True,False,4,중급
안정,명사,True,False,2,고급
안정되다,동사,True,False,4,고급
안주,명사,True,False,2,중급
안쪽,명사,False,False,2,중급
안타깝다,형용사,False,False,4,중급
안팎,명사,False,False,2,고급
앉다,동사,False,False,2,초급
앉히다,동사,False,False,3,고급
않다,동사,False,False,2,초급
알,명사,False,False,1,중급
알다,동사,False,False,2,초급
알려지다,동사,False,False,4,중급
알루미늄,명사,False,False,4,고급
알리다,동사,False,False,3,중급
알맞다,형용사,False,False,3,중급
알아내다,동사,False,False,4,고급
알아듣다,동사,False,False,4,중급
알아보다,동사,False,False,4,고급
알아주다,동사,False,False,4,고급
알코올,명사,False,False,3,고급
앓다,동사,False,False,2,중급
암,명사,True,False,1,중급
암시,명사,True,False,2,고급
암컷,명사,False,False,2,고급
압력,명사,True,False,2,고급
앞,명사,False,False,1,초급
앞길,명사,False,False,2,중급
앞날,명사,False,False,2,고급
앞두다,동사,False,False,3,고급
앞뒤,명사,False,False,2,중급
앞문,명사,True,False,2,고급
앞바다,명사,False,False,3,고급
앞서,부사,False,False,2,고급
앞서다,동사,False,False,3,중급
앞세우다,동사,False,False,4,고급
앞장서다,동사,False,False,4,고급
앞쪽,명사,False,False,2,중급
애,명사,False,False,1,고급
애,명사,False,False,1,중급
애쓰다,동사,False,False,3,고급
애인,명사,True,False,2,중급
애정,명사,True,False,2,고급
애초,명사,True,False,2,고급
액세서리,명사,False,False,4,중급
액수,명사,True,False,2,고급
앨범,명사,False,False,2,고급
야,감탄사,False,False,1,중급
야간,명사,True,False,2,고급
야구,명사,True,False,2,초급
야구장,명사,True,False,3,고급
야단,명사,True,False,2,고급
야옹,부사,False,False,2,고급
야외,명사,True,False,2,중급
야채,명사,True,False,2,중급
야하다,형용사,True,False,3,고급
약,명사,False,False,1,고급
약,관형사,True,False,1,중급
약,명사,True,False,1,초급
약간,명사,True,False,2,중급
약국,명사,True,False,2,초급
약속,명사,True,False,2,초급
약속하다,동사,True,False,4,초급
약수,명사,True,False,2,고급
약점,명사,True,False,2,고급
약품,명사,True,False,2,고급
약하다,형용사,True,False,3,중급
약해지다,동사,True,False,4,고급
약혼녀,명사,True,False,3,고급
약혼자,명사,True,False,3,고급
얄밉다,형용사,False,False,3,고급
얇다,형용사,False,False,2,중급
양,명사,True,False,1,고급
양,명사,True,False,1,중급
양국,명사,True,False,2,고급
양념,명사,False,False,2,중급
양력,명사,True,False,2,고급
양말,명사,True,False,2,초급
양배추,명사,True,False,3,중급
양보,명사,True,False,2,고급
양보하다,동사,True,False,4,중급
양복,명사,True,False,2,초급
양상추,명사,True,False,3,고급
양식,명사,True,False,2,고급
양심,명사,True,False,2,고급
양옆,명사,True,False,2,고급
양주,명사,True,False,2,고급
양쪽,명사,True,False,2,중급
양파,명사,True,False,2,중급
얕다,형용사,False,False,2,중급
얘,감탄사,False,False,1,고급
얘,줄어든 말,False,False,1,중급
얘기,명사,False,False,2,초급
얘기하다,동사,False,False,4,초급
어,감탄사,False,False,1,초급
어기다,동사,False,False,3,고급
어깨,명사,False,False,2,초급
어느,관형사,False,False,2,초급
어느덧,부사,False,False,3,고급
어느새,부사,False,False,3,중급
어두워지다,동사,False,False,5,중급
어둠,명사,False,False,2,중급
어둡다,형용사,False,False,3,중급
어디,감탄사,False,False,2,초급
어때,줄어든 말,False,False,2,중급
어떠하다,형용사,False,False,4,초급
어떡하다,줄어든 말,False,False,4,중급
어떤,관형사,False,False,2,초급
어떻다,형용사,False,False,3,초급
어려움,명사,False,False,3,중급
어려워지다,동사,False,False,5,고급
어렵다,형용사,False,False,3,초급
어른,명사,False,False,2,초급
어리다,동사,False,False,3,중급
어리석다,형용사,False,False,4,고급
어린아이,명사,False,False,4,중급
어린애,명사,False,False,3,중급
어린이,명사,False,False,3,초급
어린이날,명사,False,False,4,중급
어머,감탄사,False,False,2,중급
어머니,명사,False,False,3,초급
어머님,명사,False,False,3,중급
어색하다,형용사,True,False,4,중급
어서,부사,False,False,2,초급
어울리다,동사,False,False,4,중급
어저께,명사,False,False,3,고급
어제,명사,False,False,2,초급
어젯밤,명사,False,False,3,중급
어지럽다,형용사,False,False,4,고급
어째서,줄어든 말,False,False,3,고급
어쨌든,부사,False,False,3,고급
어쩌다,동사,False,False,3,중급
어쩌다,부사,False,False,3,고급
어쩌다가,부사,False,False,4,고급
어쩌면,부사,False,False,3,중급
어쩐지,부사,False,False,3,중급
어쩜,부사,False,False,2,고급
어찌,부사,False,False,2,고급
어찌나,부사,False,False,3,고급
어찌하다,동사,False,False,4,고급
억,수사,True,False,1,중급
억울하다,형용사,True,False,4,고급
언니,명사,False,False,2,초급
언덕,명사,False,False,2,고급
언론,명사,True,False,2,고급
언어,명사,True,False,2,고급
언제,대명사,False,False,2,초급
언제나,부사,False,False,3,초급
언젠가,부사,False,False,3,중급
얹다,동사,False,False,2,중급
얻다,동사,False,False,2,중급
얻어먹다,동사,False,False,4,고급
얼굴,명사,False,False,2,초급
얼다,동사,False,False,2,중급
얼른,부사,False,False,2,중급
얼리다,동사,False,False,3,고급
얼마,명사,False,False,2,초급
얼마간,명사,True,False,3,고급
얼마나,부사,False,False,3,초급
얼음,명사,False,False,2,중급
얼핏,부사,False,False,2,고급
엄격하다,형용사,True,False,4,고급
엄마,명사,False,False,2,초급
엄숙하다,형용사,True,False,4,고급
엄청나다,형용사,False,False,4,고급
업다,동사,False,False,2,고급
업무,명사,True,False,2,중급
업종,명사,True,False,2,고급
업체,명사,True,False,2,고급
없다,형용사,False,False,2,초급
없애다,동사,False,False,3,중급
없어지다,동사,False,False,4,중급
없이,부사,False,False,2,중급
엇갈리다,동사,False,False,4,고급
엉덩이,명사,False,False,3,고급
엉뚱하다,형용사,False,False,4,중급
엉망,명사,False,False,2,고급
엉터리,명사,False,False,3,고급
엊그제,부사,False,False,3,중급
엎드리다,동사,False,False,4,고급
에,감탄사,False,False,1,고급
에너지,명사,False,False,3,중급
에어컨,명사,False,False,3,초급
엔,의존명사,False,False,1,중급
엔진,명사,False,False,2,고급
엘리베이터,명사,False,False,5,중급
여,명사,True,False,1,중급
여가,명사,True,False,2,고급
여간,부사,True,False,2,고급
여건,명사,True,False,2,고급
여겨지다,동사,False,False,4,고급
여고생,명사,True,False,3,중급
여관,명사,True,False,2,중급
여군,명사,True,False,2,고급
여권,명사,True,False,2,초급
여기,대명사,False,False,2,초급
여기다,동사,False,False,3,고급
여기저기,명사,False,False,4,중급
여대생,명사,True,False,3,중급
여덟,수사,False,False,2,초급
여동생,명사,True,False,3,초급
여든,수사,False,False,2,초급
여러,관형사,False,False,2,초급
여러분,대명사,False,False,3,초급
여럿,명사,False,False,2,고급
여론,명사,True,False,2,고급
여름,명사,False,False,2,초급
여름철,명사,False,False,3,중급
여보,감탄사,False,False,2,중급
여보세요,감탄사,False,False,4,초급
여섯,수사,False,False,2,초급
여성,명사,True,False,2,중급
여왕,명사,True,False,2,고급
여우,명사,False,False,2,중급
여유,명사,True,False,2,중급
여인,명사,True,False,2,고급
여자,명사,True,False,2,초급
여전하다,형용사,True,False,4,고급
여전히,부사,True,False,3,고급
여직원,명사,True,False,3,중급
여쭈다,동사,False,False,3,중급
여학생,명사,True,False,3,초급
여행,명사,True,False,2,초급
여행사,명사,True,False,3,중급
여행하다,동사,True,False,4,초급
역,명사,True,False,1,고급
역,명사,True,False,1,초급
역사,명사,True,False,2,초급
역사가,명사,True,False,3,중급
역사상,명사,True,False,3,고급
역사적,명사,True,False,3,중급
역사학,명사,True,False,3,고급
역시,부사,True,False,2,중급
역할,명사,True,False,2,중급
연간,명사,True,False,2,고급
연결,명사,True,False,2,고급
연결되다,동사,True,False,4,중급
연결하다,동사,True,False,4,중급
연관,명사,True,False,2,고급
연구,명사,True,False,2,중급
연구소,명사,True,False,3,중급
연구실,명사,True,False,3,고급
연구원,명사,True,False,3,고급
연구자,명사,True,False,3,중급
연구하다,동사,True,False,4,중급
연극,명사,True,False,2,고급
연기,명사,True,False,2,고급
연기,명사,True,False,2,중급
연기되다,동사,True,False,4,고급
연기자,명사,True,False,3,고급
연기하다,동사,True,False,4,고급
연두색,명사,True,False,3,고급
연락,명사,True,False,2,고급
연락처,명사,True,False,3,중급
연락하다,동사,True,False,4,중급
연령,명사,True,False,2,고급
연말,명사,True,False,2,중급
연상하다,동사,True,False,4,고급
연설,명사,True,False,2,고급
연세,명사,True,False,2,중급
연속,명사,True,False,2,고급
연습,명사,True,False,2,초급
연습하다,동사,True,False,4,초급
연애,명사,True,False,2,고급
연예인,명사,True,False,3,고급
연인,명사,True,False,2,고급
연장,명사,True,False,2,고급
연주,명사,True,False,2,고급
연출,명사,True,False,2,고급
연출하다,동사,True,False,4,고급
연필,명사,True,False,2,초급
연하다,형용사,True,False,3,중급
연합,명사,True,False,2,고급
연휴,명사,True,False,2,중급
열,수사,False,False,1,초급
열,명사,True,False,1,중급
열기,명사,True,False,2,고급
열다,동사,False,False,2,초급
열리다,동사,False,False,3,중급
열매,명사,False,False,2,고급
열쇠,명사,False,False,2,초급
열심히,부사,True,False,3,초급
열정,명사,True,False,2,고급
열중하다,동사,True,False,4,고급
열차,명사,True,False,2,중급
열흘,명사,False,False,2,중급
엷다,형용사,False,False,2,고급
염려,명사,True,False,2,고급
염려하다,동사,True,False,4,중급
엽서,명사,True,False,2,중급
엿보다,동사,False,False,3,고급
영,부사,False,False,1,고급
영국,고유 명사,True,False,2,초급
영남,명사,True,False,2,고급
영상,명사,True,False,2,고급
영상,명사,True,False,2,중급
영양,명사,True,False,2,고급
영어,명사,True,False,2,초급
영업,명사,True,False,2,고급
영역,명사,True,False,2,고급
영웅,명사,True,False,2,고급
영원하다,형용사,True,False,4,중급
영원히,부사,True,False,3,중급
영하,명사,True,False,2,중급
영향,명사,True,False,2,고급
영향력,명사,True,False,3,고급
영혼,명사,True,False,2,고급
영화,명사,True,False,2,초급
영화관,명사,True,False,3,고급
영화배우,명사,True,False,4,고급
영화제,명사,True,False,3,고급
옆,명사,False,False,1,초급
옆구리,명사,False,False,3,고급
옆방,명사,True,False,2,중급
옆집,명사,False,False,2,중급
예,명사,False,False,1,고급
예,감탄사,False,False,1,초급
예,명사,True,False,1,중급
예감,명사,True,False,2,고급
예고하다,동사,True,False,4,고급
예금,명사,True,False,2,중급
예매하다,동사,True,False,4,중급
예방,명사,True,False,2,고급
예방하다,동사,True,False,4,고급
예보,명사,True,False,2,고급
예비,명사,True,False,2,고급
예쁘다,형용사,False,False,3,초급
예산,명사,True,False,2,고급
예상,명사,True,False,2,중급
예상되다,동사,True,False,4,고급
예상하다,동사,True,False,4,고급
예선,명사,True,False,2,고급
예순,수사,False,False,2,초급
예술,명사,True,False,2,중급
예술가,명사,True,False,3,중급
예술적,명사,True,False,3,고급
예습,명사,True,False,2,고급
예습하다,동사,True,False,4,고급
예식장,명사,True,False,3,고급
예약,명사,True,False,2,중급
예약하다,동사,True,False,4,고급
예외,명사,True,False,2,고급
예의,명사,True,False,2,고급
예전,명사,False,False,2,중급
예절,명사,True,False,2,중급
예정,명사,True,False,2,중급
예정되다,동사,True,False,4,고급
예측하다,동사,True,False,4,고급
예컨대,부사,True,False,3,고급
옛,관형사,False,False,1,중급
옛날,명사,False,False,2,초급
옛날이야기,명사,False,False,5,중급
오,감탄사,False,False,1,중급
오,수사,True,False,1,초급
오가다,동사,False,False,3,중급
오늘,명사,False,False,2,초급
오늘날,명사,False,False,3,중급
오다,동사,False,False,2,초급
오락,명사,True,False,2,고급
오래,부사,False,False,2,초급
오래간만,명사,False,False,4,초급
오래도록,부사,False,False,4,중급
오래되다,동사,False,False,4,중급
오래전,명사,True,False,3,중급
오랜,관형사,False,False,2,중급
오랜만,명사,False,False,3,초급
오랫동안,명사,False,False,4,중급
오렌지,명사,False,False,3,초급
오로지,부사,False,False,3,고급
오르내리다,동사,False,False,5,고급
오르다,동사,False,False,3,초급
오른발,명사,False,False,3,중급
오른손,명사,False,False,3,중급
오른쪽,명사,False,False,3,초급
오리,명사,False,False,2,중급
오븐,명사,False,False,2,중급
오빠,명사,False,False,2,초급
오십,수사,True,False,2,초급
오염,명사,True,False,2,고급
오염되다,동사,True,False,4,고급
오월,명사,True,False,2,초급
오이,명사,False,False,2,중급
오전,명사,True,False,2,초급
오직,부사,False,False,2,중급
오징어,명사,False,False,3,중급
오페라,명사,False,False,3,고급
오피스텔,명사,False,False,4,중급
오해,명사,True,False,2,고급
오후,명사,True,False,2,초급
오히려,부사,False,False,3,고급
옥상,명사,True,False,2,고급
옥수수,명사,False,False,3,중급
온,관형사,False,False,1,중급
온갖,관형사,False,False,2,고급
온도,명사,True,False,2,중급
온돌,명사,True,False,2,고급
온라인,명사,False,False,3,고급
온몸,명사,False,False,2,중급
온종일,명사,True,False,3,고급
온통,부사,False,False,2,중급
올,관형사,False,False,1,고급
올가을,명사,False,False,3,고급
올라가다,동사,False,False,4,초급
올라서다,동사,False,False,4,고급
올라오다,동사,False,False,4,중급
올라타다,동사,False,False,4,고급
올려놓다,동사,False,False,4,중급
올려다보다,동사,False,False,5,고급
올리다,동사,False,False,3,고급
올림픽,명사,False,False,3,중급
올바르다,형용사,False,False,4,고급
올여름,명사,False,False,3,고급
올해,명사,False,False,2,초급
옮기다,동사,False,False,3,중급
옳다,형용사,False,False,2,중급
옷,명사,False,False,1,초급
옷차림,명사,False,False,3,고급
와,감탄사,False,False,1,중급
와이셔츠,명사,False,False,4,고급
와인,명사,False,False,2,중급
완벽하다,형용사,True,False,4,중급
완성,명사,True,False,2,고급
완성되다,동사,True,False,4,고급
완성하다,동사,True,False,4,고급
완전,명사,True,False,2,고급
완전하다,형용사,True,False,4,고급
완전히,부사,True,False,3,중급
왕,명사,True,False,1,중급
왕비,명사,True,False,2,고급
왕자,명사,True,False,2,고급
왜,부사,False,False,1,초급
왜냐하면,부사,False,False,4,초급
왠지,부사,False,False,2,중급
외,의존명사,True,False,1,중급
외갓집,명사,True,False,3,고급
외과,명사,True,False,2,고급
외교,명사,True,False,2,중급
외교관,명사,True,False,3,중급
외국,명사,True,False,2,초급
외국어,명사,True,False,3,초급
외국인,명사,True,False,3,초급
외다,동사,False,False,2,고급
외로움,명사,False,False,3,고급
외롭다,형용사,False,False,3,중급
외면하다,동사,True,False,4,고급
외모,명사,True,False,2,고급
외부,명사,True,False,2,고급
외삼촌,명사,True,False,3,중급
외아들,명사,False,False,3,고급
외우다,동사,False,False,3,중급
외제,명사,True,False,2,고급
외출,명사,True,False,2,중급
외출하다,동사,True,False,4,중급
외치다,동사,False,False,3,고급
외침,명사,False,False,2,고급
외할머니,명사,True,False,4,중급
외할아버지,명사,True,False,5,고급
왼발,명사,False,False,2,중급
왼손,명사,False,False,2,중급
왼쪽,명사,False,False,2,초급
요,관형사,False,False,1,고급
요구,명사,True,False,2,고급
요구되다,동사,True,False,4,고급
요구하다,동사,True,False,4,중급
요금,명사,True,False,2,중급
요리,명사,True,False,2,초급
요리사,명사,True,False,3,고급
요리하다,동사,True,False,4,초급
요새,명사,False,False,2,중급
요약하다,동사,True,False,4,고급
요일,명사,True,False,2,초급
요즈음,명사,False,False,3,초급
요즘,명사,False,False,2,초급
요청,명사,True,False,2,중급
요청하다,동사,True,False,4,고급
욕,명사,True,False,1,고급
욕실,명사,True,False,2,중급
욕심,명사,True,False,2,중급
욕하다,동사,True,False,3,고급
용,명사,True,False,1,고급
용감하다,형용사,True,False,4,고급
용기,명사,True,False,2,고급
용도,명사,True,False,2,고급
용돈,명사,True,False,2,중급
용서,명사,True,False,2,고급
용서하다,동사,True,False,4,고급
용어,명사,True,False,2,고급
우려,명사,True,False,2,고급
우리,대명사,False,False,2,초급
우리나라,명사,False,False,4,초급
우리말,명사,False,False,3,중급
우산,명사,True,False,2,초급
우선,부사,True,False,2,중급
우수하다,형용사,True,False,4,중급
우습다,형용사,False,False,3,고급
우승,명사,True,False,2,중급
우승하다,동사,True,False,4,중급
우아하다,형용사,True,False,4,고급
우연히,부사,True,False,3,중급
우울하다,형용사,True,False,4,중급
우유,명사,True,False,2,초급
우정,명사,True,False,2,고급
우주,명사,True,False,2,고급
우체국,명사,True,False,3,초급
우편,명사,True,False,2,고급
우표,명사,True,False,2,중급
운,명사,True,False,1,중급
운동,명사,True,False,2,초급
운동복,명사,True,False,3,중급
운동장,명사,True,False,3,초급
운동하다,동사,True,False,4,초급
운동화,명사,True,False,3,초급
운명,명사,True,False,2,고급
운반,명사,True,False,2,고급
운영하다,동사,True,False,4,고급
운전,명사,True,False,2,초급
운전기사,명사,True,False,4,중급
운전사,명사,True,False,3,고급
운전자,명사,True,False,3,중급
운전하다,동사,True,False,4,초급
운행,명사,True,False,2,고급
울다,동사,False,False,2,초급
울리다,동사,False,False,3,중급
울리다,동사,False,False,3,고급
울산,고유 명사,True,False,2,중급
울음,명사,False,False,2,중급
울음소리,명사,False,False,4,고급
움직이다,동사,False,False,4,중급
움직임,명사,False,False,3,고급
웃기다,동사,False,False,3,중급
웃다,동사,False,False,2,초급
웃어른,명사,False,False,3,중급
웃음,명사,False,False,2,중급
웃음소리,명사,False,False,4,고급
워낙,부사,False,False,2,고급
원,의존명사,False,False,1,초급
원,감탄사,False,False,1,고급
원고,명사,True,False,2,고급
원래,명사,True,False,2,중급
원서,명사,True,False,2,고급
원숭이,명사,False,False,3,중급
원인,명사,True,False,2,고급
원장,명사,True,False,2,고급
원피스,명사,False,False,3,중급
원하다,동사,True,False,3,중급
월,의존명사,True,False,1,초급
월급,명사,True,False,2,중급
월드컵,명사,False,False,3,중급
월세,명사,True,False,2,고급
월요일,명사,True,False,3,초급
웨이터,명사,False,False,3,중급
웬,관형사,False,False,1,고급
웬만하다,형용사,False,False,4,고급
웬일,명사,False,False,2,중급
위,명사,False,False,1,초급
위,의존명사,True,False,1,고급
위기,명사,True,False,2,고급
위대하다,형용사,True,False,4,고급
위로,명사,True,False,2,고급
위로하다,동사,True,False,4,고급
위반,명사,True,False,2,중급
위반하다,동사,True,False,4,고급
위법,명사,True,False,2,고급
위성,명사,True,False,2,고급
위아래,명사,False,False,3,중급
위원,명사,True,False,2,고급
위원장,명사,True,False,3,고급
위주,명사,True,False,2,고급
위쪽,명사,False,False,2,중급
위층,명사,True,False,2,중급
위치,명사,True,False,2,중급
위치하다,동사,True,False,4,중급
위하다,동사,True,False,3,중급
위험,명사,True,False,2,초급
위험성,명사,True,False,3,고급
위험하다,형용사,True,False,4,초급
위협,명사,True,False,2,고급
윗몸,명사,False,False,2,고급
윗사람,명사,False,False,3,고급
유교,명사,True,False,2,중급
유난히,부사,False,False,3,중급
유능하다,형용사,True,False,4,고급
유럽,고유 명사,False,False,2,중급
유리,명사,True,False,2,중급
유리창,명사,True,False,3,중급
유리하다,형용사,True,False,4,고급
유머,명사,False,False,2,고급
유명,명사,True,False,2,중급
유명하다,형용사,True,False,4,초급
유물,명사,True,False,2,고급
유발하다,동사,True,False,4,고급
유사하다,형용사,True,False,4,고급
유산,명사,True,False,2,고급
유월,명사,True,False,2,초급
유의하다,동사,True,False,4,고급
유적,명사,True,False,2,고급
유적지,명사,True,False,3,고급
유지되다,동사,True,False,4,고급
유지하다,동사,True,False,4,고급
유치원,명사,True,False,3,중급
유학,명사,True,False,2,중급
유학생,명사,True,False,3,중급
유행,명사,True,False,2,중급
유행하다,동사,True,False,4,중급
유형,명사,True,False,2,고급
육,수사,True,False,1,초급
육군,명사,True,False,2,고급
육상,명사,True,False,2,고급
육십,수사,True,False,2,초급
육체,명사,True,False,2,고급
육체적,명사,True,False,3,고급
으레,부사,False,False,2,고급
으응,감탄사,False,False,2,중급
은,명사,True,False,1,고급
은은하다,형용사,True,False,4,고급
은행,명사,True,False,2,초급
은행나무,명사,True,False,4,고급
음,감탄사,False,False,1,중급
음력,명사,True,False,2,고급
음료,명사,True,False,2,중급
음료수,명사,True,False,3,중급
음반,명사,True,False,2,고급
음성,명사,True,False,2,고급
음식,명사,True,False,2,초급
음식물,명사,True,False,3,고급
음식점,명사,True,False,3,고급
음악,명사,True,False,2,초급
음악가,명사,True,False,3,중급
음주,명사,True,False,2,고급
응,감탄사,False,False,1,중급
응답하다,동사,True,False,4,고급
의견,명사,True,False,2,중급
의논,명사,True,False,2,고급
의논하다,동사,True,False,4,고급
의도,명사,True,False,2,고급
의도적,명사,True,False,3,고급
의류,명사,True,False,2,고급
의무,명사,True,False,2,고급
의문,명사,True,False,2,고급
의미,명사,True,False,2,중급
의미하다,동사,True,False,4,중급
의복,명사,True,False,2,고급
의사,명사,True,False,2,고급
의사,명사,True,False,2,초급
의식,명사,True,False,2,고급
의식하다,동사,True,False,4,고급
의심,명사,True,False,2,고급
의심하다,동사,True,False,4,중급
의외로,부사,True,False,3,고급
의욕,명사,True,False,2,고급
의원,명사,True,False,2,고급
의자,명사,True,False,2,초급
의존하다,동사,True,False,4,고급
의지,명사,True,False,2,고급
의지하다,동사,True,False,4,고급
의하다,동사,True,False,3,중급
의학,명사,True,False,2,고급
이,명사,False,False,1,초급
이,의존명사,False,False,1,고급
이같이,부사,False,False,3,고급
이거,대명사,False,False,2,초급
이것,대명사,False,False,2,초급
이것저것,명사,False,False,4,중급
이곳,대명사,False,False,2,초급
이곳저곳,명사,False,False,4,중급
이기다,동사,False,False,3,중급
이끌다,동사,False,False,3,고급
이날,명사,False,False,2,중급
이내,부사,False,False,2,고급
이념,명사,True,False,2,고급
이놈,대명사,False,False,2,고급
이다음,명사,False,False,3,고급
이달,명사,False,False,2,고급
이대로,부사,False,False,3,고급
이데올로기,명사,False,False,5,고급
이동,명사,True,False,2,중급
이동하다,동사,True,False,4,고급
이따가,부사,False,False,3,중급
이따금,부사,False,False,3,고급
이때,명사,False,False,2,초급
이래,의존명사,True,False,2,고급
이래서,줄어든 말,False,False,3,고급
이러다,동사,False,False,3,고급
이러하다,형용사,False,False,4,중급
이런,관형사,False,False,2,초급
이런저런,관형사,False,False,4,고급
이렇게,줄어든 말,False,False,3,중급
이렇다,형용사,False,False,3,초급
이력서,명사,True,False,3,고급
이론적,명사,True,False,3,고급
이롭다,형용사,True,False,3,고급
이루다,동사,False,False,3,중급
이루어지다,동사,False,False,5,중급
이룩하다,동사,False,False,4,고급
이뤄지다,동사,False,False,4,중급
이르다,동사,False,False,3,중급
이르다,동사,False,False,3,고급
이름,명사,False,False,2,초급
이리,부사,False,False,2,중급
이리저리,부사,False,False,4,고급
이마,명사,False,False,2,중급
이모,명사,True,False,2,중급
이미,부사,False,False,2,중급
이미지,명사,False,False,3,중급
이민,명사,True,False,2,고급
이발소,명사,True,False,3,중급
이번,명사,True,False,2,초급
이별,명사,True,False,2,고급
이분,대명사,False,False,2,초급
이불,명사,False,False,2,중급
이빨,명사,False,False,2,중급
이사,명사,True,False,2,중급
이사장,명사,True,False,3,고급
이사하다,동사,True,False,4,중급
이상,명사,True,False,2,중급
이상적,명사,True,False,3,고급
이상하다,형용사,True,False,4,중급
이성,명사,True,False,2,중급
이성,명사,True,False,2,고급
이슬,명사,False,False,2,고급
이십,수사,True,False,2,초급
이야기,명사,False,False,3,초급
이야기하다,동사,False,False,5,초급
이어,부사,False,False,2,고급
이어서,부사,False,False,3,고급
이어지다,동사,False,False,4,고급
이외,명사,True,False,2,중급
이용,명사,True,False,2,중급
이용되다,동사,True,False,4,중급
이용자,명사,True,False,3,고급
이용하다,동사,True,False,4,중급
이웃,명사,False,False,2,중급
이웃집,명사,False,False,3,중급
이월,명사,True,False,2,초급
이유,명사,True,False,2,중급
이윽고,부사,False,False,3,고급
이익,명사,True,False,2,중급
이자,명사,True,False,2,고급
이전,명사,True,False,2,중급
이제,명사,False,False,2,초급
이제야,부사,False,False,3,고급
이중,명사,True,False,2,고급
이쪽,대명사,False,False,2,초급
이튿날,명사,False,False,3,중급
이틀,명사,False,False,2,중급
이하,명사,True,False,2,중급
이해,명사,True,False,2,고급
이해,명사,True,False,2,중급
이해관계,명사,True,False,4,고급
이해되다,동사,True,False,4,고급
이해하다,동사,True,False,4,초급
이혼,명사,True,False,2,중급
이혼하다,동사,True,False,4,중급
이후,명사,True,False,2,중급
익다,동사,False,False,2,중급
익다,형용사,False,False,2,고급
익숙하다,형용사,False,False,4,중급
익숙해지다,동사,False,False,5,중급
익히다,동사,False,False,3,고급
인,명사,True,False,1,고급
인간,명사,True,False,2,중급
인간관계,명사,True,False,4,고급
인간성,명사,True,False,3,고급
인간적,명사,True,False,3,고급
인격,명사,True,False,2,고급
인공,명사,True,False,2,고급
인구,명사,True,False,2,중급
인근,명사,True,False,2,고급
인기,명사,True,False,2,중급
인도,명사,False,False,2,고급
인류,명사,True,False,2,고급
인물,명사,True,False,2,고급
인분,의존명사,True,False,2,중급
인사,명사,True,False,2,초급
인사,명사,True,False,2,고급
인사말,명사,True,False,3,중급
인사하다,동사,True,False,4,초급
인삼,명사,True,False,2,중급
인삼차,명사,True,False,3,중급
인상,명사,True,False,2,중급
인상,명사,True,False,2,고급
인상적,명사,True,False,3,고급
인생,명사,True,False,2,중급
인쇄,명사,True,False,2,고급
인식하다,동사,True,False,4,고급
인연,명사,True,False,2,고급
인원,명사,True,False,2,중급
인재,명사,True,False,2,고급
인정되다,동사,True,False,4,고급
인정받다,동사,True,False,4,고급
인정하다,동사,True,False,4,고급
인제,명사,False,False,2,고급
인제,부사,False,False,2,중급
인종,명사,True,False,2,고급
인천,고유 명사,True,False,2,초급
인천공항,고유 명사,True,False,4,중급
인체,명사,True,False,2,고급
인터넷,명사,False,False,3,중급
인터뷰,명사,False,False,3,중급
인하,명사,True,False,2,고급
인하다,동사,True,False,3,고급
인형,명사,True,False,2,중급
일,명사,False,False,1,초급
일곱,수사,False,False,2,초급
일기,명사,True,False,2,중급
일단,부사,True,False,2,고급
일대,관형사,True,False,2,고급
일등,명사,True,False,2,중급
일반,명사,True,False,2,중급
일반인,명사,True,False,3,고급
일반적,명사,True,False,3,중급
일본,고유 명사,True,False,2,초급
일본어,명사,True,False,3,초급
일부,명사,True,False,2,중급
일부러,부사,False,False,3,고급
일상,명사,True,False,2,중급
일상생활,명사,True,False,4,중급
일상적,명사,True,False,3,고급
일생,명사,True,False,2,고급
일손,명사,False,False,2,고급
일시적,명사,True,False,3,고급
일식,명사,True,False,2,고급
일쑤,명사,False,False,2,고급
일어나다,동사,False,False,4,초급
일어서다,동사,False,False,4,고급
일요일,명사,True,False,3,초급
일월,명사,True,False,2,초급
일으키다,동사,False,False,4,중급
일일이,부사,True,False,3,고급
일자,명사,True,False,2,고급
일자리,명사,False,False,3,고급
일정,명사,True,False,2,중급
일정하다,형용사,True,False,4,고급
일종,명사,True,False,2,고급
일주일,명사,True,False,3,초급
일찍,부사,False,False,2,초급
일찍이,부사,False,False,3,고급
일체,명사,True,False,2,고급
일치,명사,True,False,2,고급
일치하다,동사,True,False,4,고급
일하다,동사,False,False,3,초급
일행,명사,True,False,2,고급
일회용,명사,True,False,3,중급
일회용품,명사,True,False,4,중급
일흔,수사,False,False,2,초급
읽다,동사,False,False,2,초급
읽히다,동사,False,False,3,중급
잃다,동사,False,False,2,초급
잃어버리다,동사,False,False,5,초급
임금,명사,False,False,2,고급
임금,명사,True,False,2,중급
임무,명사,True,False,2,고급
임시,명사,True,False,2,중급
임신,명사,True,False,2,중급
임신부,명사,True,False,3,고급
임신하다,동사,True,False,4,고급
입,명사,False,False,1,초급
입구,명사,True,False,2,중급
입국,명사,True,False,2,고급
입다,동사,False,False,2,초급
입대,명사,True,False,2,고급
입력,명사,True,False,2,고급
입력하다,동사,True,False,4,고급
입맛,명사,False,False,2,고급
입사,명사,True,False,2,고급
입사하다,동사,True,False,4,고급
입술,명사,False,False,2,중급
입시,명사,True,False,2,고급
입원,명사,True,False,2,중급
입원하다,동사,True,False,4,중급
입장,명사,True,False,2,고급
입학,명사,True,False,2,중급
입학하다,동사,True,False,4,중급
입히다,동사,False,False,3,고급
잇다,동사,False,False,2,고급
잇따르다,동사,False,False,4,고급
있다,동사,False,False,2,초급
잊다,동사,False,False,2,초급
잊어버리다,동사,False,False,5,초급
잊혀지다,동사,False,False,4,고급
잎,명사,False,False,1,초급
자,명사,False,False,1,고급
자,감탄사,False,False,1,중급
자가용,명사,True,False,3,중급
자격,명사,True,False,2,중급
자격증,명사,True,False,3,고급
자극,명사,True,False,2,고급
자극하다,동사,True,False,4,고급
자기,대명사,True,False,2,중급
자꾸,부사,False,False,2,중급
자꾸만,부사,False,False,3,중급
자네,대명사,False,False,2,고급
자녀,명사,True,False,2,고급
자다,동사,False,False,2,초급
자동,명사,True,False,2,중급
자동차,명사,True,False,3,초급
자라나다,동사,False,False,4,중급
자라다,동사,False,False,3,중급
자랑,명사,False,False,2,고급
자랑스럽다,형용사,False,False,5,중급
자랑하다,동사,False,False,4,중급
자료,명사,True,False,2,중급
자르다,동사,False,False,3,중급
자리,명사,False,False,2,초급
자리,명사,False,False,2,고급
자매,명사,True,False,2,고급
자부심,명사,True,False,3,고급
자살,명사,True,False,2,고급
자살하다,동사,True,False,4,고급
자세,명사,True,False,2,고급
자세하다,형용사,True,False,4,고급
자세히,부사,True,False,3,중급
자식,명사,True,False,2,중급
자신,명사,True,False,2,중급
자신감,명사,True,False,3,고급
자연,명사,True,False,2,중급
자연스럽다,형용사,True,False,5,중급
자연적,명사,True,False,3,고급
자연현상,명사,True,False,4,고급
자연환경,명사,True,False,4,고급
자연히,부사,True,False,3,고급
자원,명사,True,False,2,고급
자유,명사,True,False,2,중급
자유롭다,형용사,True,False,4,중급
자율,명사,True,False,2,고급
자장면,명사,False,False,3,초급
자전거,명사,True,False,3,초급
자정,명사,True,False,2,고급
자존심,명사,True,False,3,고급
자주,부사,False,False,2,초급
자체,명사,True,False,2,중급
자취,명사,False,False,2,고급
자판,명사,True,False,2,고급
자판기,명사,True,False,3,중급
작가,명사,True,False,2,중급
작년,명사,True,False,2,초급
작다,형용사,False,False,2,초급
작성,명사,True,False,2,고급
작성하다,동사,True,False,4,고급
작아지다,동사,False,False,4,중급
작업,명사,True,False,2,고급
작용,명사,True,False,2,고급
작용하다,동사,True,False,4,고급
작은딸,명사,False,False,3,고급
작은아들,명사,False,False,4,고급
작은아버지,명사,False,False,5,고급
작은어머니,명사,False,False,5,고급
작품,명사,True,False,2,고급
잔,명사,True,False,1,초급
잔디,명사,False,False,2,고급
잔디밭,명사,False,False,3,고급
잔뜩,부사,False,False,2,중급
잔치,명사,False,False,2,중급
잘,부사,False,False,1,초급
잘나다,형용사,False,False,3,고급
잘되다,동사,False,False,3,중급
잘리다,동사,False,False,3,고급
잘못,명사,False,False,2,중급
잘못되다,동사,False,False,4,중급
잘못하다,동사,False,False,4,중급
잘살다,동사,False,False,3,중급
잘생기다,형용사,False,False,4,중급
잘하다,동사,False,False,3,초급
잠,명사,False,False,1,초급
잠그다,동사,False,False,3,고급
잠기다,동사,False,False,3,고급
잠깐,명사,False,False,2,초급
잠들다,동사,False,False,3,중급
잠바,명사,False,False,2,고급
잠수함,명사,True,False,3,고급
잠시,명사,True,False,2,중급
잠시,부사,True,False,2,초급
잠옷,명사,False,False,2,중급
잠자다,동사,False,False,3,초급
잠자리,명사,False,False,3,고급
잡다,동사,False,False,2,초급
잡수다,동사,False,False,3,고급
잡수시다,동사,False,False,4,초급
잡아당기다,동사,False,False,5,고급
잡아먹다,동사,False,False,4,고급
잡지,명사,True,False,2,초급
잡히다,동사,False,False,3,중급
장,의존명사,True,False,1,초급
장,명사,True,False,1,중급
장가,명사,False,False,2,중급
장갑,명사,True,False,2,중급
장관,명사,True,False,2,고급
장군,명사,True,False,2,중급
장기간,명사,True,False,3,고급
장기적,명사,True,False,3,고급
장난,명사,False,False,2,고급
장난감,명사,False,False,3,중급
장남,명사,True,False,2,중급
장래,명사,True,False,2,중급
장례,명사,True,False,2,고급
장례식,명사,True,False,3,고급
장르,명사,False,False,2,고급
장마,명사,False,False,2,중급
장면,명사,True,False,2,고급
장모,명사,True,False,2,고급
장모님,명사,True,False,3,고급
장미,명사,True,False,2,초급
장비,명사,True,False,2,고급
장사,명사,False,False,2,중급
장사꾼,명사,False,False,3,고급
장소,명사,True,False,2,초급
장수,명사,False,False,2,고급
장식,명사,True,False,2,고급
장애인,명사,True,False,3,고급
장인,명사,True,False,2,고급
장점,명사,True,False,2,중급
장차,부사,True,False,2,고급
장학금,명사,True,False,3,중급
잦다,형용사,False,False,2,고급
재능,명사,True,False,2,고급
재다,동사,False,False,2,고급
재료,명사,True,False,2,중급
재미,명사,False,False,2,초급
재미없다,형용사,False,False,4,초급
재미있다,형용사,False,False,4,초급
재밌다,형용사,False,False,3,고급
재빨리,부사,False,False,3,고급
재산,명사,True,False,2,중급
재생,명사,True,False,2,고급
재수,명사,True,False,2,고급
재우다,동사,False,False,3,고급
재작년,명사,True,False,3,중급
재정,명사,True,False,2,고급
재주,명사,False,False,2,고급
재즈,명사,False,False,2,고급
재채기,명사,False,False,3,중급
재판,명사,True,False,2,고급
재학,명사,True,False,2,고급
재활용,명사,True,False,3,고급
재활용품,명사,True,False,4,고급
쟤,줄어든 말,False,False,1,중급
저,대명사,False,False,1,초급
저,감탄사,False,False,1,중급
저거,대명사,False,False,2,초급
저것,대명사,False,False,2,초급
저고리,명사,False,False,3,고급
저곳,대명사,False,False,2,초급
저기,대명사,False,False,2,초급
저기,감탄사,False,False,2,고급
저녁,명사,False,False,2,초급
저녁때,명사,False,False,3,중급
저러다,동사,False,False,3,고급
저런,관형사,False,False,2,중급
저렇게,줄어든 말,False,False,3,중급
저렇다,형용사,False,False,3,중급
저리,부사,False,False,2,중급
저마다,부사,False,False,3,고급
저번,명사,True,False,2,중급
저울,명사,False,False,2,고급
저자,명사,True,False,2,중급
저절로,부사,False,False,3,고급
저지르다,동사,False,False,4,고급
저쪽,대명사,False,False,2,초급
저축,명사,True,False,2,중급
저편,대명사,True,False,2,고급
저희,대명사,False,False,2,중급
적,의존명사,False,False,1,중급
적극,명사,True,False,2,중급
적극적,명사,True,False,3,중급
적다,동사,False,False,2,초급
적당하다,형용사,True,False,4,중급
적당히,부사,True,False,3,중급
적성,명사,True,False,2,고급
적어도,부사,False,False,3,중급
적어지다,동사,False,False,4,중급
적용,명사,True,False,2,고급
적용되다,동사,True,False,4,고급
적용하다,동사,True,False,4,중급
적응,명사,True,False,2,고급
적응하다,동사,True,False,4,고급
적절하다,형용사,True,False,4,고급
적합하다,형용사,True,False,4,고급
적히다,동사,False,False,3,고급
전,관형사,True,False,1,고급
전,관형사,True,False,1,초급
전개,명사,True,False,2,고급
전개되다,동사,True,False,4,고급
전개하다,동사,True,False,4,고급
전공,명사,True,False,2,중급
전공하다,동사,True,False,4,고급
전구,명사,True,False,2,고급
전국,명사,True,False,2,중급
전국적,명사,True,False,3,고급
전기,명사,True,False,2,고급
전기,명사,True,False,2,중급
전기밥솥,명사,False,False,4,중급
전날,명사,True,False,2,중급
전달,명사,True,False,2,고급
전달되다,동사,True,False,4,고급
전달하다,동사,True,False,4,중급
전라도,고유 명사,True,False,3,중급
전망,명사,True,False,2,고급
전망하다,동사,True,False,4,고급
전문,명사,True,False,2,중급
전문가,명사,True,False,3,중급
전문적,명사,True,False,3,고급
전문점,명사,True,False,3,고급
전문직,명사,True,False,3,고급
전반,명사,True,False,2,고급
전반적,명사,True,False,3,고급
전부,명사,True,False,2,중급
전선,명사,True,False,2,고급
전설,명사,True,False,2,고급
전세,명사,True,False,2,고급
전시,명사,True,False,2,고급
전시되다,동사,True,False,4,고급
전시장,명사,True,False,3,고급
전시하다,동사,True,False,4,고급
전시회,명사,True,False,3,고급
전용,명사,True,False,2,고급
전자,명사,True,False,2,중급
전쟁,명사,True,False,2,중급
전주,고유 명사,True,False,2,고급
전철,명사,True,False,2,중급
전체,명사,True,False,2,중급
전체적,명사,True,False,3,중급
전통,명사,True,False,2,중급
전통문화,명사,True,False,4,고급
전통적,명사,True,False,3,중급
전하다,동사,True,False,3,중급
전해지다,동사,True,False,4,중급
전혀,부사,True,False,2,중급
전화,명사,True,False,2,초급
전화기,명사,True,False,3,중급
전화번호,명사,True,False,4,초급
전화하다,동사,True,False,4,초급
전환,명사,True,False,2,고급
전환하다,동사,True,False,4,고급
전후,명사,True,False,2,고급
절,명사,False,False,1,중급
절,명사,True,False,1,고급
절대,명사,True,False,2,고급
절대,부사,True,False,2,중급
절대로,부사,True,False,3,중급
절대적,명사,True,False,3,고급
절망,명사,True,False,2,고급
절반,명사,True,False,2,중급
절약,명사,True,False,2,고급
절약하다,동사,True,False,4,중급
절차,명사,True,False,2,고급
젊다,형용사,False,False,2,중급
젊은이,명사,False,False,3,중급
젊음,명사,False,False,2,고급
점,명사,True,False,1,중급
점검,명사,True,False,2,고급
점수,명사,True,False,2,중급
점심,명사,True,False,2,초급
점심때,명사,True,False,3,중급
점심시간,명사,True,False,4,초급
점원,명사,True,False,2,중급
점잖다,형용사,False,False,3,고급
점점,부사,True,False,2,중급
점차,부사,True,False,2,중급
접근,명사,True,False,2,고급
접근하다,동사,True,False,4,고급
접다,동사,False,False,2,고급
접시,명사,False,False,2,중급
접촉,명사,True,False,2,고급
접하다,동사,True,False,3,고급
젓가락,명사,False,False,3,초급
젓다,동사,False,False,2,중급
정,명사,True,False,1,중급
정거장,명사,True,False,3,중급
정기,명사,True,False,2,고급
정기적,명사,True,False,3,고급
정답,명사,True,False,2,중급
정당,명사,True,False,2,고급
정도,명사,True,False,2,중급
정류장,명사,True,False,3,초급
정리,명사,True,False,2,중급
정리되다,동사,True,False,4,고급
정리하다,동사,True,False,4,중급
정말,감탄사,True,False,2,중급
정말,부사,True,False,2,초급
정말로,부사,True,False,3,중급
정면,명사,True,False,2,고급
정문,명사,True,False,2,중급
정반대,명사,True,False,3,고급
정보,명사,True,False,2,중급
정보화,명사,True,False,3,고급
정부,명사,True,False,2,고급
정비,명사,True,False,2,고급
정상,명사,True,False,2,고급
정상,명사,True,False,2,중급
정상적,명사,True,False,3,고급
정성,명사,True,False,2,고급
정식,명사,True,False,2,중급
정신,명사,True,False,2,중급
정신과,명사,True,False,3,고급
정신없이,부사,True,False,4,고급
정신적,명사,True,False,3,중급
정오,명사,True,False,2,고급
정원,명사,True,False,2,중급
정장,명사,True,False,2,고급
정지,명사,True,False,2,고급
정직하다,형용사,True,False,4,고급
정치,명사,True,False,2,중급
정치권,명사,True,False,3,고급
정치인,명사,True,False,3,고급
정치적,명사,True,False,3,중급
정치학,명사,True,False,3,고급
정하다,동사,True,False,3,중급
정해지다,동사,True,False,4,중급
정확하다,형용사,True,False,4,중급
정확히,부사,True,False,3,중급
젖,명사,False,False,1,고급
젖다,동사,False,False,2,중급
제거하다,동사,True,False,4,고급
제공,명사,True,False,2,고급
제공하다,동사,True,False,4,중급
제과점,명사,True,False,3,고급
제대로,부사,False,False,3,중급
제대하다,동사,True,False,4,고급
제도적,명사,True,False,3,고급
제목,명사,True,False,2,중급
제발,부사,False,False,2,중급
제법,부사,False,False,2,중급
제비,명사,False,False,2,고급
제사,명사,True,False,2,고급
제삿날,명사,True,False,3,고급
제시,명사,True,False,2,고급
제시되다,동사,True,False,4,고급
제시하다,동사,True,False,4,고급
제안,명사,True,False,2,고급
제안하다,동사,True,False,4,고급
제약,명사,True,False,2,고급
제외되다,동사,True,False,4,고급
제외하다,동사,True,False,4,고급
제의,명사,True,False,2,고급
제의하다,동사,True,False,4,고급
제일,명사,True,False,2,초급
제자,명사,True,False,2,고급
제자리,명사,False,False,3,고급
제작,명사,True,False,2,고급
제작하다,동사,True,False,4,고급
제주도,고유 명사,True,False,3,초급
제출,명사,True,False,2,고급
제출하다,동사,True,False,4,중급
제품,명사,True,False,2,중급
제한,명사,True,False,2,중급
제한되다,동사,True,False,4,고급
제한하다,동사,True,False,4,고급
조,의존명사,True,False,1,고급
조각,명사,False,False,2,고급
조각,명사,True,False,2,중급
조개,명사,False,False,2,고급
조건,명사,True,False,2,중급
조그마하다,형용사,False,False,5,고급
조그맣다,형용사,False,False,4,중급
조금,명사,False,False,2,초급
조금씩,부사,False,False,3,중급
조기,명사,True,False,2,고급
조깅,명사,False,False,2,고급
조르다,동사,False,False,3,고급
조명,명사,True,False,2,고급
조미료,명사,True,False,3,고급
조사,명사,True,False,2,중급
조사하다,동사,True,False,4,중급
조상,명사,True,False,2,중급
조선,고유 명사,True,False,2,고급
조심스럽다,형용사,True,False,5,중급
조심하다,동사,True,False,4,중급
조용하다,형용사,False,False,4,초급
조용히,부사,False,False,3,중급
조절,명사,True,False,2,고급
조절하다,동사,True,False,4,고급
조정,명사,True,False,2,고급
조정하다,동사,True,False,4,고급
조직,명사,True,False,2,고급
조카,명사,False,False,2,중급
조화되다,동사,True,False,4,고급
존경하다,동사,True,False,4,고급
존댓말,명사,True,False,3,중급
존재,명사,True,False,2,고급
존재하다,동사,True,False,4,고급
존중하다,동사,True,False,4,고급
졸다,동사,False,False,2,중급
졸리다,동사,False,False,3,고급
졸업,명사,True,False,2,초급
졸업생,명사,True,False,3,중급
졸업하다,동사,True,False,4,초급
졸음,명사,False,False,2,고급
좀,부사,False,False,1,초급
좁다,형용사,False,False,2,중급
좁히다,동사,False,False,3,고급
종,명사,True,False,1,중급
종,명사,True,False,1,고급
종교,명사,True,False,2,중급
종교적,명사,True,False,3,고급
종로,고유 명사,True,False,2,중급
종류,명사,True,False,2,중급
종소리,명사,True,False,3,고급
종업원,명사,True,False,3,중급
종이,명사,False,False,2,초급
종이컵,명사,False,False,3,중급
종일,명사,True,False,2,중급
종종,부사,True,False,2,고급
종합,명사,True,False,2,중급
종합하다,동사,True,False,4,고급
좋다,형용사,False,False,2,초급
좋아,감탄사,False,False,2,고급
좋아지다,동사,False,False,4,중급
좋아하다,동사,False,False,4,초급
좌석,명사,True,False,2,중급
좌우,명사,True,False,2,고급
죄,명사,True,False,1,고급
죄송하다,형용사,True,False,4,초급
죄인,명사,True,False,2,고급
주,관형사,True,False,1,고급
주,명사,True,False,1,초급
주거,명사,True,False,2,고급
주고받다,동사,False,False,4,고급
주관적,명사,True,False,3,고급
주년,의존명사,True,False,2,고급
주다,동사,False,False,2,초급
주로,부사,True,False,2,중급
주름,명사,False,False,2,고급
주름살,명사,False,False,3,고급
주말,명사,True,False,2,초급
주머니,명사,False,False,3,중급
주먹,명사,False,False,2,중급
주무시다,동사,False,False,4,중급
주문,명사,True,False,2,고급
주문하다,동사,True,False,4,중급
주민,명사,True,False,2,고급
주방,명사,True,False,2,고급
주변,명사,True,False,2,중급
주부,명사,True,False,2,중급
주사,명사,True,False,2,중급
주소,명사,True,False,2,초급
주스,명사,False,False,2,초급
주식,명사,True,False,2,고급
주어지다,동사,False,False,4,고급
주요,명사,True,False,2,중급
주요하다,형용사,True,False,4,고급
주위,명사,True,False,2,중급
주의,명사,True,False,2,고급
주의하다,동사,True,False,4,고급
주인,명사,True,False,2,초급
주인공,명사,True,False,3,중급
주일,의존명사,True,False,2,고급
주장,명사,True,False,2,고급
주장하다,동사,True,False,4,중급
주저앉다,동사,False,False,4,고급
주전자,명사,True,False,3,고급
주제,명사,True,False,2,중급
주차,명사,True,False,2,중급
주차장,명사,True,False,3,중급
주차하다,동사,True,False,4,중급
주택,명사,True,False,2,중급
주한,명사,True,False,2,고급
죽,부사,False,False,1,고급
죽,명사,True,False,1,중급
죽다,동사,False,False,2,초급
죽다,보조 용언,False,False,2,중급
죽음,명사,False,False,2,중급
죽이다,동사,False,False,3,중급
준비,명사,True,False,2,초급
준비되다,동사,True,False,4,중급
준비물,명사,True,False,3,중급
준비하다,동사,True,False,4,초급
줄,명사,False,False,1,중급
줄거리,명사,False,False,3,고급
줄곧,부사,False,False,2,고급
줄기,명사,False,False,2,중급
줄다,동사,False,False,2,중급
줄무늬,명사,False,False,3,중급
줄어들다,동사,False,False,4,고급
줄이다,동사,False,False,3,중급
줍다,동사,False,False,2,중급
중,의존명사,True,False,1,중급
중간,명사,True,False,2,중급
중계방송,명사,True,False,4,고급
중국,고유 명사,True,False,2,초급
중국어,명사,True,False,3,초급
중국집,명사,True,False,3,중급
중년,명사,True,False,2,고급
중단,명사,True,False,2,고급
중단되다,동사,True,False,4,고급
중단하다,동사,True,False,4,고급
중대하다,형용사,True,False,4,고급
중독,명사,True,False,2,고급
중반,명사,True,False,2,고급
중부,명사,True,False,2,고급
중세,명사,True,False,2,고급
중소기업,명사,True,False,4,고급
중순,명사,True,False,2,고급
중식,명사,True,False,2,고급
중심,명사,True,False,2,중급
중심지,명사,True,False,3,고급
중앙,명사,True,False,2,고급
중얼거리다,동사,False,False,5,고급
중요,명사,True,False,2,중급
중요성,명사,True,False,3,중급
중요시하다,동사,True,False,5,고급
중요하다,형용사,True,False,4,초급
중학교,명사,True,False,3,초급
중학생,명사,True,False,3,초급
쥐,명사,False,False,1,중급
쥐다,동사,False,False,2,중급
즉,부사,True,False,1,중급
즉석,명사,True,False,2,고급
즉시,명사,True,False,2,중급
즐거움,명사,False,False,3,중급
즐거워하다,동사,False,False,5,중급
즐겁다,형용사,False,False,3,초급
즐기다,동사,False,False,3,중급
증가,명사,True,False,2,고급
증가하다,동사,True,False,4,고급
증거,명사,True,False,2,고급
증권,명사,True,False,2,고급
증권사,명사,True,False,3,고급
증명하다,동사,True,False,4,고급
증상,명사,True,False,2,중급
증세,명사,True,False,2,중급
지,의존명사,False,False,1,중급
지각,명사,True,False,2,고급
지갑,명사,True,False,2,초급
지겹다,형용사,False,False,3,고급
지경,의존명사,True,False,2,고급
지구,명사,True,False,2,중급
지극히,부사,True,False,3,고급
지금,명사,True,False,2,초급
지금껏,부사,True,False,3,고급
지급,명사,True,False,2,고급
지급하다,동사,True,False,4,고급
지나가다,동사,False,False,4,중급
지나다,동사,False,False,3,중급
지나치다,동사,False,False,4,고급
지나치다,형용사,False,False,4,중급
지난날,명사,False,False,3,고급
지난달,명사,False,False,3,초급
지난번,명사,True,False,3,중급
지난주,명사,True,False,3,초급
지난해,명사,False,False,3,중급
지내다,동사,False,False,3,초급
지능,명사,True,False,2,고급
지니다,동사,False,False,3,고급
지다,동사,False,False,2,중급
지다,동사,False,False,2,고급
지대,명사,True,False,2,고급
지도,명사,True,False,2,초급
지도,명사,True,False,2,고급
지도자,명사,True,False,3,고급
지도하다,동사,True,False,4,고급
지루하다,형용사,False,False,4,고급
지르다,동사,False,False,3,중급
지름길,명사,False,False,3,고급
지리산,고유 명사,True,False,3,고급
지방,명사,True,False,2,중급
지방,명사,True,False,2,고급
지배하다,동사,True,False,4,고급
지불하다,동사,True,False,4,고급
지붕,명사,False,False,2,중급
지속되다,동사,True,False,4,고급
지속적,명사,True,False,3,고급
지시,명사,True,False,2,고급
지시하다,동사,True,False,4,고급
지식,명사,True,False,2,고급
지식인,명사,True,False,3,고급
지역,명사,True,False,2,중급
지우개,명사,False,False,3,초급
지우다,동사,False,False,3,초급
지우다,동사,False,False,3,고급
지워지다,동사,False,False,4,고급
지원,명사,True,False,2,고급
지원하다,동사,True,False,4,고급
지위,명사,True,False,2,고급
지저분하다,형용사,False,False,5,고급
지적,명사,True,False,2,고급
지적되다,동사,True,False,4,고급
지적하다,동사,True,False,4,고급
지점,명사,True,False,2,고급
지점,명사,True,False,2,중급
지지,명사,True,False,2,고급
지진,명사,True,False,2,고급
지출,명사,True,False,2,고급
지치다,동사,False,False,3,중급
지켜보다,동사,False,False,4,고급
지키다,동사,False,False,3,중급
지폐,명사,True,False,2,고급
지하,명사,True,False,2,초급
지하도,명사,True,False,3,중급
지하철,명사,True,False,3,초급
지혜,명사,True,False,2,고급
직선,명사,True,False,2,고급
직업,명사,True,False,2,중급
직원,명사,True,False,2,중급
직장,명사,True,False,2,중급
직장인,명사,True,False,3,고급
직전,명사,True,False,2,고급
직접,명사,True,False,2,중급
직접적,명사,True,False,3,고급
직후,명사,True,False,2,고급
진급,명사,True,False,2,고급
진단,명사,True,False,2,고급
진단하다,동사,True,False,4,고급
진달래,명사,False,False,3,중급
진동,명사,True,False,2,고급
진로,명사,True,False,2,고급
진료,명사,True,False,2,고급
진리,명사,True,False,2,고급
진실,명사,True,False,2,고급
진실로,부사,True,False,3,고급
진실하다,형용사,True,False,4,고급
진심,명사,True,False,2,고급
진지하다,형용사,True,False,4,고급
진짜,명사,True,False,2,중급
진찰,명사,True,False,2,고급
진출,명사,True,False,2,중급
진출하다,동사,True,False,4,고급
진통,명사,True,False,2,고급
진하다,형용사,True,False,3,중급
진행,명사,True,False,2,고급
진행되다,동사,True,False,4,중급
진행자,명사,True,False,3,고급
진행하다,동사,True,False,4,중급
질,명사,True,False,1,중급
질문,명사,True,False,2,초급
질문하다,동사,True,False,4,초급
질병,명사,True,False,2,고급
질서,명사,True,False,2,중급
질적,명사,True,False,2,고급
짐,명사,False,False,1,중급
짐작,명사,True,False,2,고급
짐작하다,동사,True,False,4,고급
집,명사,False,False,1,초급
집다,동사,False,False,2,중급
집단,명사,True,False,2,고급
집단적,명사,True,False,3,고급
집안,명사,False,False,2,중급
집안일,명사,False,False,3,고급
집어넣다,동사,False,False,4,고급
집중,명사,True,False,2,중급
집중되다,동사,True,False,4,고급
집중적,명사,True,False,3,고급
집중하다,동사,True,False,4,고급
짓,명사,False,False,1,중급
짓다,동사,False,False,2,중급
짙다,형용사,False,False,2,중급
짚다,동사,False,False,2,고급
짜다,동사,False,False,2,고급
짜다,형용사,False,False,2,초급
짜증,명사,False,False,2,중급
짜증스럽다,형용사,False,False,5,고급
짝,명사,False,False,1,고급
짧다,형용사,False,False,2,초급
짧아지다,동사,False,False,4,중급
쩔쩔매다,동사,False,False,4,고급
쪽,명사,False,False,1,중급
쪽,의존명사,False,False,1,고급
쪽,의존명사,False,False,1,초급
쫓겨나다,동사,False,False,4,고급
쫓기다,동사,False,False,3,고급
쫓다,동사,False,False,2,고급
쭉,부사,False,False,1,고급
찌개,명사,False,False,2,초급
찌꺼기,명사,False,False,3,고급
찌다,동사,False,False,2,중급
찌다,동사,False,False,2,고급
찌르다,동사,False,False,3,중급
찍다,동사,False,False,2,초급
찍히다,동사,False,False,3,고급
찢다,동사,False,False,2,고급
찢어지다,동사,False,False,4,고급
차,의존명사,True,False,1,고급
차,명사,True,False,1,초급
차갑다,형용사,False,False,3,중급
차남,명사,True,False,2,중급
차다,동사,False,False,2,고급
차다,동사,False,False,2,중급
차라리,부사,False,False,3,고급
차량,명사,True,False,2,고급
차례,명사,True,False,2,중급
차리다,동사,False,False,3,중급
차림,명사,False,False,2,고급
차마,부사,False,False,2,고급
차별,명사,True,False,2,고급
차선,명사,True,False,2,고급
차이,명사,True,False,2,중급
차이점,명사,True,False,3,고급
차차,부사,True,False,2,고급
차창,명사,True,False,2,고급
차츰,부사,False,False,2,고급
착각,명사,True,False,2,고급
착각하다,동사,True,False,4,고급
착하다,형용사,False,False,3,중급
찬물,명사,False,False,2,중급
찬성,명사,True,False,2,고급
찬성하다,동사,True,False,4,고급
참,감탄사,False,False,1,중급
참,부사,False,False,1,초급
참,의존명사,False,False,1,고급
참가,명사,True,False,2,고급
참가하다,동사,True,False,4,중급
참고하다,동사,True,False,4,고급
참기름,명사,False,False,3,중급
참다,동사,False,False,2,중급
참되다,형용사,False,False,3,고급
참새,명사,False,False,2,고급
참석,명사,True,False,2,고급
참석자,명사,True,False,3,고급
참석하다,동사,True,False,4,중급
참여,명사,True,False,2,고급
참여하다,동사,True,False,4,고급
참외,명사,False,False,2,고급
참으로,부사,False,False,3,고급
참조,명사,True,False,2,고급
찻잔,명사,True,False,2,중급
창,명사,True,False,1,고급
창가,명사,True,False,2,고급
창고,명사,True,False,2,중급
창구,명사,True,False,2,고급
창문,명사,True,False,2,초급
창밖,명사,True,False,2,중급
창작,명사,True,False,2,고급
창조,명사,True,False,2,고급
창조적,명사,True,False,3,고급
창조하다,동사,True,False,4,고급
창피하다,형용사,True,False,4,고급
찾다,동사,False,False,2,초급
찾아가다,동사,False,False,4,중급
찾아내다,동사,False,False,4,중급
찾아다니다,동사,False,False,5,고급
찾아보다,동사,False,False,4,중급
찾아오다,동사,False,False,4,중급
채,의존명사,False,False,1,고급
채널,명사,False,False,2,중급
채소,명사,True,False,2,중급
채우다,동사,False,False,3,중급
채점,명사,True,False,2,고급
책,명사,True,False,1,초급
책가방,명사,True,False,3,중급
책방,명사,True,False,2,중급
책상,명사,True,False,2,초급
책임,명사,True,False,2,중급
책임감,명사,True,False,3,고급
책임자,명사,True,False,3,중급
책임지다,동사,False,False,4,고급
챔피언,명사,False,False,3,중급
챙기다,동사,False,False,3,중급
처녀,명사,True,False,2,고급
처리,명사,True,False,2,고급
처벌,명사,True,False,2,고급
처음,명사,False,False,2,초급
처지,명사,True,False,2,고급
척,의존명사,False,False,1,고급
척하다,보조 용언,False,False,3,고급
천,명사,False,False,1,고급
천,관형사,True,False,1,초급
천국,명사,True,False,2,고급
천둥,명사,False,False,2,고급
천장,명사,True,False,2,고급
천재,명사,True,False,2,고급
천천히,부사,False,False,3,초급
철,명사,False,False,1,중급
철,명사,False,False,1,고급
철도,명사,True,False,2,고급
철저하다,형용사,True,False,4,고급
철저히,부사,True,False,3,고급
철학,명사,True,False,2,고급
철학자,명사,True,False,3,고급
철학적,명사,True,False,3,고급
첫,관형사,False,False,1,중급
첫날,명사,False,False,2,중급
첫째,관형사,False,False,2,초급
청년,명사,True,False,2,중급
청바지,명사,True,False,3,초급
청소,명사,True,False,2,초급
청소기,명사,True,False,3,중급
청소년,명사,True,False,3,중급
청소하다,동사,True,False,4,초급
청춘,명사,True,False,2,고급
청하다,동사,True,False,3,고급
체계적,명사,True,False,3,고급
체력,명사,True,False,2,고급
체온,명사,True,False,2,고급
체육,명사,True,False,2,중급
체육관,명사,True,False,3,고급
체조,명사,True,False,2,고급
체중,명사,True,False,2,중급
체하다,보조 용언,False,False,3,고급
체험,명사,True,False,2,고급
체험하다,동사,True,False,4,고급
쳐다보다,동사,False,False,4,중급
초,의존명사,True,False,1,중급
초기,명사,True,False,2,고급
초대,명사,True,False,2,고급
초대,명사,True,False,2,초급
초대하다,동사,True,False,4,초급
초등학교,명사,True,False,4,초급
초등학생,명사,True,False,4,고급
초록색,명사,True,False,3,중급
초반,명사,True,False,2,고급
초밥,명사,True,False,2,중급
초보,명사,True,False,2,중급
초보자,명사,True,False,3,중급
초상화,명사,True,False,3,고급
초순,명사,True,False,2,고급
초여름,명사,True,False,3,고급
초원,명사,True,False,2,고급
초저녁,명사,True,False,3,고급
초점,명사,True,False,2,고급
초조하다,형용사,True,False,4,고급
초청,명사,True,False,2,고급
초청장,명사,True,False,3,중급
초청하다,동사,True,False,4,고급
초콜릿,명사,False,False,3,초급
촌스럽다,형용사,True,False,4,고급
촛불,명사,False,False,2,고급
총,명사,True,False,1,고급
총각,명사,True,False,2,고급
총리,명사,True,False,2,고급
총장,명사,True,False,2,중급
촬영,명사,True,False,2,중급
최고,명사,True,False,2,중급
최고급,명사,True,False,3,고급
최근,명사,True,False,2,중급
최대,명사,True,False,2,중급
최대한,명사,True,False,3,고급
최상,명사,True,False,2,고급
최선,명사,True,False,2,중급
최소,명사,True,False,2,고급
최소한,명사,True,False,3,중급
최신,명사,True,False,2,고급
최악,명사,True,False,2,고급
최저,명사,True,False,2,고급
최종,명사,True,False,2,고급
최초,명사,True,False,2,중급
최후,명사,True,False,2,고급
추가,명사,True,False,2,고급
추가되다,동사,True,False,4,고급
추가하다,동사,True,False,4,고급
추다,동사,False,False,2,초급
추석,명사,True,False,2,고급
추억,명사,True,False,2,중급
추위,명사,False,False,2,중급
추진,명사,True,False,2,고급
추진하다,동사,True,False,4,고급
추천,명사,True,False,2,고급
추천하다,동사,True,False,4,고급
추측,명사,True,False,2,고급
축구,명사,True,False,2,초급
축구공,명사,True,False,3,중급
축구장,명사,True,False,3,고급
축소,명사,True,False,2,고급
축제,명사,True,False,2,중급
축하,명사,True,False,2,중급
축하하다,동사,True,False,4,초급
출구,명사,True,False,2,중급
출국,명사,True,False,2,고급
출근,명사,True,False,2,중급
출근하다,동사,True,False,4,중급
출발,명사,True,False,2,중급
출발점,명사,True,False,3,고급
출발하다,동사,True,False,4,초급
출산,명사,True,False,2,고급
출석하다,동사,True,False,4,고급
출신,명사,True,False,2,고급
출연,명사,True,False,2,고급
출연하다,동사,True,False,4,중급
출입,명사,True,False,2,중급
출입국,명사,True,False,3,고급
출입문,명사,True,False,3,중급
출장,명사,True,False,2,중급
출퇴근,명사,True,False,3,고급
출판,명사,True,False,2,고급
출판사,명사,True,False,3,고급
출현하다,동사,True,False,4,고급
춤,명사,False,False,1,초급
춤추다,동사,False,False,3,초급
춥다,형용사,False,False,2,초급
충격,명사,True,False,2,중급
충격적,명사,True,False,3,고급
충고,명사,True,False,2,고급
충돌,명사,True,False,2,고급
충돌하다,동사,True,False,4,고급
충분하다,형용사,True,False,4,중급
충분히,부사,True,False,3,중급
충청도,고유 명사,True,False,3,중급
취미,명사,True,False,2,초급
취소,명사,True,False,2,중급
취소하다,동사,True,False,4,중급
취업,명사,True,False,2,고급
취재,명사,True,False,2,고급
취직,명사,True,False,2,중급
취하다,동사,True,False,3,중급
취향,명사,True,False,2,고급
층,명사,True,False,1,초급
치과,명사,True,False,2,중급
치다,동사,False,False,2,고급
치다,동사,False,False,2,초급
치료,명사,True,False,2,중급
치료법,명사,True,False,3,고급
치료하다,동사,True,False,4,중급
치르다,동사,False,False,3,고급
치마,명사,False,False,2,초급
치아,명사,True,False,2,고급
치약,명사,True,False,2,초급
치우다,동사,False,False,3,중급
치우다,보조 용언,False,False,3,고급
치즈,명사,False,False,2,중급
친구,명사,True,False,2,초급
친절,명사,True,False,2,중급
친절하다,형용사,True,False,4,초급
친정,명사,True,False,2,고급
친척,명사,True,False,2,중급
친하다,형용사,True,False,3,중급
친해지다,동사,True,False,4,고급
칠,수사,True,False,1,초급
칠십,수사,True,False,2,초급
칠월,명사,True,False,2,초급
칠판,명사,True,False,2,초급
칠하다,동사,True,False,3,고급
침,명사,False,False,1,고급
침대,명사,True,False,2,초급
침묵,명사,True,False,2,고급
침실,명사,True,False,2,중급
침착하다,형용사,True,False,4,고급
칫솔,명사,True,False,2,초급
칭찬,명사,True,False,2,중급
칭찬하다,동사,True,False,4,고급
카드,명사,False,False,2,초급
카레,명사,False,False,2,중급
카메라,명사,False,False,3,초급
카운터,명사,False,False,3,중급
카페,명사,False,False,2,중급
칸,명사,False,False,1,고급
칼,명사,False,False,1,초급
칼국수,명사,False,False,3,고급
캄캄하다,형용사,False,False,4,고급
캐나다,고유 명사,False,False,3,초급
캐릭터,명사,False,False,3,고급
캠퍼스,명사,False,False,3,중급
캠페인,명사,False,False,3,고급
커다랗다,형용사,False,False,4,중급
커지다,동사,False,False,3,중급
커튼,명사,False,False,2,중급
커피,명사,False,False,2,초급
컨디션,명사,False,False,3,고급
컬러,명사,False,False,2,고급
컴퓨터,명사,False,False,3,초급
컵,명사,False,False,1,초급
케첩,명사,False,False,2,고급
켜다,동사,False,False,2,초급
켜지다,동사,False,False,3,중급
코,명사,False,False,1,초급
코끝,명사,False,False,2,고급
코끼리,명사,False,False,3,중급
코너,명사,False,False,2,중급
코드,명사,False,False,2,고급
코미디,명사,False,False,3,고급
코스,명사,False,False,2,고급
코스모스,명사,False,False,4,고급
코치,명사,False,False,2,고급
코트,명사,False,False,2,고급
코피,명사,False,False,2,중급
콘서트,명사,False,False,3,중급
콜라,명사,False,False,2,초급
콤플렉스,명사,False,False,4,중급
콩,명사,False,False,1,중급
콩나물,명사,False,False,3,중급
쾌감,명사,True,False,2,고급
쿠데타,명사,False,False,3,고급
크기,명사,False,False,2,중급
크다,동사,False,False,2,초급
크리스마스,명사,False,False,5,초급
크림,명사,False,False,2,고급
큰길,명사,False,False,2,중급
큰딸,명사,False,False,2,고급
큰소리,명사,False,False,3,중급
큰아들,명사,False,False,3,고급
큰아버지,명사,False,False,4,고급
큰어머니,명사,False,False,4,고급
큰일,명사,False,False,2,중급
큰절,명사,False,False,2,고급
클래식,명사,False,False,3,고급
클럽,명사,False,False,2,고급
키,명사,False,False,1,초급
키스,명사,False,False,2,고급
키우다,동사,False,False,3,중급
킬로,의존명사,False,False,2,중급
킬로그램,의존명사,False,False,4,중급
킬로미터,의존명사,False,False,4,중급
타고나다,동사,False,False,4,고급
타다,동사,False,False,2,고급
타다,동사,False,False,2,초급
타락,명사,True,False,2,고급
타오르다,동사,False,False,4,고급
타입,명사,False,False,2,고급
타자기,명사,True,False,3,고급
탁,부사,False,False,1,고급
탁구,명사,True,False,2,고급
탁월하다,형용사,True,False,4,고급
탁자,명사,True,False,2,고급
탄생,명사,True,False,2,고급
탄생하다,동사,True,False,4,고급
탈출하다,동사,True,False,4,고급
탑,명사,True,False,1,중급
탓,명사,False,False,1,고급
태권도,명사,True,False,3,초급
태도,명사,True,False,2,중급
태아,명사,True,False,2,고급
태양,명사,True,False,2,중급
태어나다,동사,False,False,4,초급
태우다,동사,False,False,3,중급
태풍,명사,True,False,2,중급
택시,명사,False,False,2,초급
택하다,동사,True,False,3,고급
탤런트,명사,False,False,3,중급
터,명사,False,False,1,고급
터,의존명사,False,False,1,중급
터널,명사,False,False,2,중급
터뜨리다,동사,False,False,4,중급
터미널,명사,False,False,3,중급
터지다,동사,False,False,3,고급
턱,명사,False,False,1,중급
턱,의존명사,False,False,1,고급
털,명사,False,False,1,중급
털다,동사,False,False,2,중급
텅,부사,False,False,1,고급
테니스,명사,False,False,3,초급
테러,명사,False,False,2,고급
테스트,명사,False,False,3,중급
테이블,명사,False,False,3,초급
테이프,명사,False,False,3,중급
텍스트,명사,False,False,3,고급
텔레비전,명사,False,False,4,초급
토끼,명사,False,False,2,중급
토대,명사,True,False,2,고급
토론,명사,True,False,2,중급
토론자,명사,True,False,3,고급
토론하다,동사,True,False,4,고급
토론회,명사,True,False,3,고급
토마토,명사,False,False,3,중급
토요일,명사,True,False,3,초급
토하다,동사,True,False,3,고급
톤,의존명사,False,False,1,중급
통,명사,True,False,1,중급
통계,명사,True,False,2,고급
통과,명사,True,False,2,고급
통과하다,동사,True,False,4,고급
통로,명사,True,False,2,고급
통신,명사,True,False,2,중급
통역,명사,True,False,2,고급
통일,명사,True,False,2,중급
통일하다,동사,True,False,4,고급
통장,명사,True,False,2,중급
통제,명사,True,False,2,고급
통증,명사,True,False,2,고급
통하다,동사,True,False,3,중급
통합,명사,True,False,2,고급
통화,명사,True,False,2,고급
퇴근,명사,True,False,2,중급
퇴근하다,동사,True,False,4,중급
퇴원,명사,True,False,2,고급
퇴원하다,동사,True,False,4,고급
퇴직금,명사,True,False,3,고급
투명하다,형용사,True,False,4,고급
투자,명사,True,False,2,고급
투표,명사,True,False,2,고급
튀기다,동사,False,False,3,고급
튀김,명사,False,False,2,고급
튀다,동사,False,False,2,고급
튀어나오다,동사,False,False,5,고급
트럭,명사,False,False,2,고급
트이다,동사,False,False,3,고급
특급,명사,True,False,2,고급
특별,명사,True,False,2,중급
특별하다,형용사,True,False,4,중급
특별히,부사,True,False,3,중급
특성,명사,True,False,2,고급
특수,명사,True,False,2,고급
특수성,명사,True,False,3,고급
특이하다,형용사,True,False,4,고급
특정하다,형용사,True,False,4,고급
특징,명사,True,False,2,중급
특히,부사,True,False,2,중급
튼튼하다,형용사,False,False,4,중급
튼튼히,부사,False,False,3,고급
틀,명사,False,False,1,고급
틀다,동사,False,False,2,중급
틀리다,동사,False,False,3,중급
틀림없다,형용사,False,False,4,중급
틀림없이,부사,False,False,4,고급
틈,명사,False,False,1,고급
티브이,명사,False,False,3,초급
티셔츠,명사,False,False,3,중급
팀,명사,False,False,1,초급
파,명사,False,False,1,중급
파괴하다,동사,True,False,4,고급
파다,동사,False,False,2,고급
파도,명사,True,False,2,중급
파란색,명사,True,False,3,초급
파랗다,형용사,False,False,3,중급
파리,고유 명사,False,False,2,중급
파악하다,동사,True,False,4,고급
파일,명사,False,False,2,중급
파출소,명사,True,False,3,고급
파티,명사,False,False,2,초급
판,명사,False,False,1,고급
판결,명사,True,False,2,고급
판단,명사,True,False,2,중급
판단하다,동사,True,False,4,고급
판매,명사,True,False,2,중급
판매되다,동사,True,False,4,고급
판매하다,동사,True,False,4,중급
판사,명사,True,False,2,고급
팔,명사,False,False,1,초급
팔다,동사,False,False,2,초급
팔리다,동사,False,False,3,중급
팔십,수사,True,False,2,초급
팔월,명사,True,False,2,초급
팝송,명사,False,False,2,고급
패션,명사,False,False,2,중급
팩,명사,False,False,1,중급
팩스,명사,False,False,2,고급
팩시밀리,명사,False,False,4,고급
팬,명사,False,False,1,중급
팬티,명사,False,False,2,중급
퍼센트,의존명사,False,False,3,초급
퍼지다,동사,False,False,3,고급
퍽,부사,False,False,1,고급
페인트,명사,False,False,3,고급
펴내다,동사,False,False,3,고급
펴다,동사,False,False,2,중급
편,의존명사,False,False,1,고급
편,의존명사,True,False,1,중급
편견,명사,True,False,2,고급
편리하다,형용사,True,False,4,중급
편안하다,형용사,True,False,4,중급
편의,명사,True,False,2,고급
편의점,명사,True,False,3,고급
편지,명사,True,False,2,초급
편하다,형용사,True,False,3,중급
편히,부사,True,False,2,중급
펼쳐지다,동사,False,False,4,중급
평,의존명사,True,False,1,고급
평가,명사,True,False,2,고급
평가되다,동사,True,False,4,고급
평가하다,동사,True,False,4,고급
평균,명사,True,False,2,고급
평범하다,형용사,True,False,4,중급
평상시,명사,True,False,3,고급
평생,명사,True,False,2,중급
평소,명사,True,False,2,중급
평양,고유 명사,True,False,2,고급
평일,명사,True,False,2,중급
평화,명사,True,False,2,중급
평화롭다,형용사,True,False,4,고급
폐지,명사,True,False,2,고급
포근하다,형용사,False,False,4,고급
포기하다,동사,True,False,4,중급
포도,명사,True,False,2,초급
포도주,명사,True,False,3,중급
포스터,명사,False,False,3,중급
포인트,명사,False,False,3,고급
포장,명사,True,False,2,중급
포장마차,명사,True,False,4,고급
포크,명사,False,False,2,고급
포함,명사,True,False,2,고급
포함되다,동사,True,False,4,중급
포함하다,동사,True,False,4,중급
폭,명사,True,False,1,중급
폭넓다,형용사,True,False,3,고급
폭력,명사,True,False,2,고급
표,명사,True,False,1,고급
표,명사,True,False,1,초급
표면,명사,True,False,2,고급
표시,명사,True,False,2,고급
표시하다,동사,True,False,4,중급
표시하다,동사,True,False,4,고급
표정,명사,True,False,2,중급
표준,명사,True,False,2,고급
표현,명사,True,False,2,중급
표현되다,동사,True,False,4,고급
표현하다,동사,True,False,4,중급
푸다,동사,False,False,2,고급
푸르다,형용사,False,False,3,중급
푹,부사,False,False,1,중급
풀,명사,False,False,1,중급
풀다,동사,False,False,2,중급
풀리다,동사,False,False,3,중급
풀어지다,동사,False,False,4,고급
품,명사,False,False,1,고급
품다,동사,False,False,2,고급
품목,명사,True,False,2,고급
품질,명사,True,False,2,고급
풍경,명사,True,False,2,중급
풍부하다,형용사,True,False,4,고급
풍속,명사,True,False,2,고급
풍습,명사,True,False,2,고급
프랑스,고유 명사,False,False,3,초급
프로,명사,False,False,2,중급
프로그램,명사,False,False,4,중급
프린터,명사,False,False,3,고급
플라스틱,명사,False,False,4,중급
피,명사,False,False,1,중급
피곤,명사,True,False,2,고급
피곤하다,형용사,True,False,4,초급
피다,동사,False,False,2,중급
피디,명사,False,False,2,고급
피로,명사,True,False,2,중급
피로하다,형용사,True,False,4,중급
피망,명사,False,False,2,고급
피부,명사,True,False,2,중급
피시,명사,False,False,2,중급
피아노,명사,False,False,3,초급
피우다,동사,False,False,3,초급
피자,명사,False,False,2,초급
피하다,동사,True,False,3,고급
피해,명사,True,False,2,고급
피해자,명사,True,False,3,고급
필름,명사,False,False,2,중급
필수,명사,True,False,2,고급
필수적,명사,True,False,3,고급
필연적,명사,True,False,3,고급
필요,명사,True,False,2,초급
필요성,명사,True,False,3,고급
필요하다,형용사,True,False,4,초급
필자,명사,True,False,2,고급
필통,명사,True,False,2,중급
핑계,명사,False,False,2,고급
하,명사,True,False,1,고급
하긴,부사,False,False,2,고급
하나,명사,False,False,2,초급
하나님,명사,False,False,3,고급
하나하나,명사,False,False,4,고급
하느님,명사,False,False,3,고급
하늘,명사,False,False,2,초급
하다,동사,False,False,2,초급
하도,부사,False,False,2,고급
하드웨어,명사,False,False,4,고급
하루,명사,False,False,2,중급
하룻밤,명사,False,False,3,고급
하반기,명사,True,False,3,고급
하숙집,명사,True,False,3,중급
하순,명사,True,False,2,고급
하얀색,명사,True,False,3,중급
하얗다,형용사,False,False,3,중급
하여튼,부사,True,False,3,중급
하지만,부사,False,False,3,초급
하천,명사,True,False,2,고급
하품,명사,False,False,2,중급
하필,부사,True,False,2,고급
하하,부사,False,False,2,중급
학과,명사,True,False,2,고급
학교,명사,True,False,2,초급
학교생활,명사,True,False,4,고급
학급,명사,True,False,2,고급
학기,명사,True,False,2,중급
학년,명사,True,False,2,초급
학력,명사,True,False,2,고급
학번,명사,True,False,2,고급
학부모,명사,True,False,3,고급
학비,명사,True,False,2,고급
학생,명사,True,False,2,초급
학생증,명사,True,False,3,중급
학술,명사,True,False,2,고급
학습,명사,True,False,2,중급
학용품,명사,True,False,3,고급
학원,명사,True,False,2,중급
학위,명사,True,False,2,고급
학자,명사,True,False,2,고급
학점,명사,True,False,2,고급
한,관형사,False,False,1,초급
한,명사,True,False,1,고급
한가운데,명사,False,False,4,고급
한가하다,형용사,True,False,4,고급
한강,고유 명사,True,False,2,초급
한겨울,명사,False,False,3,고급
한결,부사,False,False,2,고급
한계,명사,True,False,2,고급
한구석,명사,False,False,3,고급
한국,고유 명사,True,False,2,초급
한국말,명사,True,False,3,초급
한국어,명사,True,False,3,초급
한국적,명사,True,False,3,중급
한글,명사,False,False,2,초급
한글날,명사,False,False,3,고급
한꺼번에,부사,False,False,4,중급
한낮,명사,False,False,2,고급
한눈,명사,False,False,2,고급
한데,부사,False,False,2,고급
한동안,명사,False,False,3,중급
한두,관형사,False,False,2,중급
한둘,수사,False,False,2,중급
한때,명사,False,False,2,고급
한라산,고유 명사,True,False,3,중급
한마디,명사,False,False,3,고급
한문,명사,True,False,2,고급
한반도,고유 명사,True,False,3,고급
한밤중,명사,True,False,3,고급
한번,명사,True,False,2,초급
한복,명사,True,False,2,초급
한순간,명사,True,False,3,고급
한숨,명사,False,False,2,중급
한식,명사,True,False,2,고급
한여름,명사,False,False,3,고급
한자,명사,True,False,2,초급
한잔,명사,True,False,2,중급
한잔하다,동사,False,False,4,중급
한정되다,동사,True,False,4,고급
한정하다,동사,True,False,4,고급
한쪽,명사,False,False,2,중급
한참,명사,False,False,2,중급
한창,부사,False,False,2,고급
한층,부사,True,False,2,고급
한편,명사,True,False,2,중급
한평생,명사,True,False,3,고급
한하다,동사,True,False,3,고급
할머니,명사,False,False,3,초급
할아버지,명사,False,False,4,초급
할인,명사,True,False,2,중급
함께,부사,False,False,2,초급
함께하다,동사,False,False,4,고급
함부로,부사,False,False,3,중급
합격,명사,True,False,2,중급
합격하다,동사,True,False,4,고급
합리적,명사,True,False,3,고급
합치다,동사,True,False,3,중급
합하다,동사,True,False,3,고급
항공,명사,True,False,2,고급
항공기,명사,True,False,3,고급
항구,명사,True,False,2,고급
항상,부사,True,False,2,초급
항의,명사,True,False,2,고급
해,명사,False,False,1,초급
해,명사,True,False,1,고급
해결,명사,True,False,2,중급
해결되다,동사,True,False,4,고급
해결하다,동사,True,False,4,중급
해군,명사,True,False,2,고급
해내다,동사,False,False,3,고급
해답,명사,True,False,2,고급
해당,명사,True,False,2,고급
해당되다,동사,True,False,4,고급
해당하다,동사,True,False,4,고급
해롭다,형용사,True,False,3,고급
해마다,부사,False,False,3,중급
해물,명사,True,False,2,고급
해석,명사,True,False,2,고급
해석,명사,True,False,2,중급
해석하다,동사,True,False,4,고급
해설,명사,True,False,2,고급
해소,명사,True,False,2,고급
해소하다,동사,True,False,4,고급
해수욕장,명사,True,False,4,고급
해안,명사,True,False,2,고급
해외,명사,True,False,2,중급
해외여행,명사,True,False,4,중급
핵,명사,True,False,1,고급
핵심,명사,True,False,2,고급
핸드백,명사,False,False,3,고급
핸드폰,명사,False,False,3,초급
햄,명사,False,False,1,고급
햄버거,명사,False,False,3,초급
햇볕,명사,False,False,2,중급
햇빛,명사,False,False,2,중급
햇살,명사,False,False,2,중급
행동,명사,True,False,2,중급
행동하다,동사,True,False,4,중급
행복,명사,True,False,2,중급
행복하다,형용사,True,False,4,중급
행사,명사,True,False,2,중급
행사,명사,True,False,2,고급
행운,명사,True,False,2,고급
행위,명사,True,False,2,고급
행하다,동사,True,False,3,고급
행해지다,동사,True,False,4,고급
향,명사,True,False,1,고급
향기,명사,True,False,2,중급
향상,명사,True,False,2,고급
향상되다,동사,True,False,4,고급
향수,명사,True,False,2,중급
향하다,동사,True,False,3,중급
허가,명사,True,False,2,고급
허락,명사,True,False,2,고급
허락하다,동사,True,False,4,고급
허리,명사,False,False,2,초급
허용,명사,True,False,2,고급
허용되다,동사,True,False,4,고급
허용하다,동사,True,False,4,중급
허허,부사,False,False,2,고급
헌,관형사,False,False,1,중급
헤매다,동사,False,False,3,고급
헤아리다,동사,False,False,4,고급
헤어지다,동사,False,False,4,중급
헬기,명사,True,False,2,고급
혀,명사,False,False,1,중급
현,관형사,True,False,1,고급
현관,명사,True,False,2,중급
현관문,명사,True,False,3,고급
현금,명사,True,False,2,중급
현대,명사,True,False,2,중급
현대인,명사,True,False,3,고급
현대적,명사,True,False,3,고급
현상,명사,True,False,2,고급
현실,명사,True,False,2,고급
현실적,명사,True,False,3,고급
현장,명사,True,False,2,고급
현재,명사,True,False,2,중급
현지,명사,True,False,2,중급
혈액,명사,True,False,2,고급
협력,명사,True,False,2,고급
형,명사,True,False,1,초급
형,명사,True,False,1,고급
형님,명사,True,False,2,중급
형부,명사,True,False,2,중급
형사,명사,True,False,2,고급
형성,명사,True,False,2,고급
형성되다,동사,True,False,4,고급
형성하다,동사,True,False,4,고급
형수,명사,True,False,2,고급
형식,명사,True,False,2,고급
형식적,명사,True,False,3,고급
형제,명사,True,False,2,중급
형태,명사,True,False,2,고급
형편,명사,True,False,2,고급
혜택,명사,True,False,2,고급
호,의존명사,True,False,1,초급
호기심,명사,True,False,3,고급
호남,명사,True,False,2,고급
호랑이,명사,True,False,3,중급
호박,명사,False,False,2,고급
호선,의존명사,True,False,2,중급
호수,명사,True,False,2,중급
호실,명사,True,False,2,고급
호주,고유 명사,True,False,2,초급
호주머니,명사,True,False,4,고급
호텔,명사,False,False,2,초급
호흡,명사,True,False,2,고급
혹시,부사,True,False,2,고급
혹은,부사,True,False,2,중급
혼나다,동사,True,False,3,고급
혼자,명사,False,False,2,초급
혼잣말,명사,False,False,3,고급
홀로,부사,False,False,2,고급
홈페이지,명사,False,False,4,중급
홍보,명사,True,False,2,고급
홍수,명사,True,False,2,고급
홍차,명사,True,False,2,중급
화,명사,False,False,1,초급
화가,명사,True,False,2,중급
화나다,동사,True,False,3,중급
화려하다,형용사,True,False,4,중급
화면,명사,True,False,2,고급
화분,명사,True,False,2,중급
화살,명사,False,False,2,고급
화요일,명사,True,False,3,초급
화장,명사,True,False,2,고급
화장실,명사,True,False,3,초급
화장지,명사,True,False,3,고급
화장품,명사,True,False,3,중급
화재,명사,True,False,2,고급
화제,명사,True,False,2,고급
화학,명사,True,False,2,고급
확,부사,False,False,1,고급
확대되다,동사,True,False,4,중급
확대하다,동사,True,False,4,중급
확립하다,동사,True,False,4,고급
확보,명사,True,False,2,고급
확산되다,동사,True,False,4,고급
확신,명사,True,False,2,고급
확신하다,동사,True,False,4,고급
확실하다,형용사,True,False,4,중급
확실히,부사,True,False,3,중급
확인,명사,True,False,2,중급
확인되다,동사,True,False,4,고급
확인하다,동사,True,False,4,중급
확장,명사,True,False,2,고급
확정,명사,True,False,2,고급
환갑,명사,True,False,2,중급
환경,명사,True,False,2,중급
환경오염,명사,True,False,4,고급
환영,명사,True,False,2,중급
환영하다,동사,True,False,4,고급
환율,명사,True,False,2,고급
환자,명사,True,False,2,초급
환하다,형용사,False,False,3,고급
활기,명사,True,False,2,고급
활동,명사,True,False,2,중급
활동하다,동사,True,False,4,중급
활발하다,형용사,True,False,4,중급
활발해지다,동사,True,False,5,고급
활발히,부사,True,False,3,고급
활용,명사,True,False,2,고급
활용하다,동사,True,False,4,중급
활짝,부사,False,False,2,고급
회,의존명사,True,False,1,고급
회견,명사,True,False,2,고급
회관,명사,True,False,2,고급
회복,명사,True,False,2,고급
회복되다,동사,True,False,4,고급
회복하다,동사,True,False,4,중급
회사,명사,True,False,2,초급
회색,명사,True,False,2,중급
회원,명사,True,False,2,중급
회의,명사,True,False,2,초급
회의,명사,True,False,2,고급
회장,명사,True,False,2,중급
회전,명사,True,False,2,고급
회화,명사,True,False,2,중급
횟수,명사,True,False,2,고급
횡단보도,명사,True,False,4,중급
효과,명사,True,False,2,중급
효과적,명사,True,False,3,고급
효도,명사,True,False,2,고급
효도하다,동사,True,False,4,고급
효율적,명사,True,False,3,고급
효자,명사,True,False,2,고급
후,명사,True,False,1,초급
후기,명사,True,False,2,고급
후반,명사,True,False,2,고급
후배,명사,True,False,2,중급
후보,명사,True,False,2,고급
후춧가루,명사,False,False,4,중급
후회,명사,True,False,2,고급
후회하다,동사,True,False,4,중급
훈련,명사,True,False,2,고급
훌륭하다,형용사,False,False,4,중급
훔치다,동사,False,False,3,고급
훨씬,부사,False,False,2,중급
휴가,명사,True,False,2,중급
휴식,명사,True,False,2,고급
휴일,명사,True,False,2,초급
휴지,명사,True,False,2,초급
휴지통,명사,True,False,3,초급
흉내,명사,False,False,2,고급
흐려지다,동사,False,False,4,고급
흐르다,동사,False,False,3,중급
흐름,명사,False,False,2,고급
흐리다,동사,False,False,3,고급
흐리다,형용사,False,False,3,중급
흑백,명사,True,False,2,고급
흑인,명사,True,False,2,고급
흔들다,동사,False,False,3,중급
흔들리다,동사,False,False,4,고급
흔적,명사,True,False,2,고급
흔하다,형용사,False,False,3,고급
흔히,부사,False,False,2,중급
흘러가다,동사,False,False,4,중급
흘러나오다,동사,False,False,5,중급
흘러내리다,동사,False,False,5,고급
흘리다,동사,False,False,3,중급
흙,명사,False,False,1,중급
흥미,명사,True,False,2,중급
흥미롭다,형용사,True,False,4,고급
흥분,명사,True,False,2,고급
흥분하다,동사,True,False,4,고급
흩어지다,동사,False,False,4,고급
희곡,명사,True,False,2,고급
희다,형용사,False,False,2,중급
희망,명사,True,False,2,중급
희망하다,동사,True,False,4,고급
희생,명사,True,False,2,고급
희생하다,동사,True,False,4,고급
흰색,명사,True,False,2,초급
힘,명사,False,False,1,초급
힘겹다,형용사,False,False,3,고급
힘껏,부사,False,False,2,고급
힘들다,형용사,False,False,3,초급
힘들어하다,동사,False,False,5,고급
힘쓰다,동사,False,False,3,고급
힘없이,부사,False,False,3,고급
힘차다,형용사,False,False,3,고급
